Time,Depth,Forward,Side,Sa
2019-03-03 08:10:41,8.757,-1.646508088488771,-2.851835664335664,22.03628647293804
2019-03-03 08:10:42,8.766,-1.646508088488771,-2.950174825174825,22.97789671103657
2019-03-03 08:20:09,8.358,3.4065684589422847,-0.2950174825174825,23.638907343889027
2019-03-03 08:20:10,8.358,3.179463895012799,-0.39335664335664333,29.150541918932877
2019-03-03 08:20:11,8.337,2.8388070491185706,-0.590034965034965,39.94163275040126
2019-03-03 08:20:11,8.301,2.2710456392948566,-0.7867132867132867,60.21127631135388
2019-03-03 08:20:12,8.28,1.5329558065240283,-1.0817307692307692,80.75846648566399
2019-03-03 08:20:13,8.262,1.0787466786650568,-1.3767482517482517,93.33648468387628
2019-03-03 08:20:14,8.226,0.8516421147355712,-1.3767482517482517,100.55685964374148
2019-03-03 08:20:15,8.187,0.6245375508060855,-1.5734265734265733,103.1890495279985
2019-03-03 08:20:15,8.157,0.2838807049118571,-1.770104895104895,99.38868984473156
2019-03-03 08:20:16,8.13,-0.3406568458942285,-1.9667832167832167,85.4572435155829
2019-03-03 08:20:17,8.127,-1.1355228196474283,-2.261800699300699,56.11146095836248
2019-03-03 08:20:18,8.142,-1.646508088488771,-2.5568181818181817,35.18014479265064
2019-03-03 11:02:43,8.493,-1.4194035245592853,2.5568181818181817,31.320478068595918
2019-03-03 11:02:43,8.484,-1.4761796655416568,2.458479020979021,33.42128899714444
2019-03-03 11:02:44,8.439,-1.362627383576914,2.36013986013986,37.35478435971566
2019-03-03 11:02:45,8.385,-1.5897319475063996,2.0651223776223775,42.39360745685572
2019-03-03 11:02:46,8.364,-1.9871649343829996,1.9667832167832167,40.83467034575644
2019-03-03 11:02:47,8.364,-2.327821780277228,1.6717657342657342,38.38737823139508
2019-03-03 11:02:47,8.358,-2.498150203224342,1.2784090909090908,41.32325092189595
2019-03-03 11:02:48,8.346,-2.554926344206714,0.8850524475524475,43.83441637763058
2019-03-03 11:02:49,8.313,-2.498150203224342,0.590034965034965,44.15687826583385
2019-03-03 11:02:52,8.193,-3.0659116130480566,-0.09833916083916083,30.718593030563085
2019-03-03 12:04:09,5.625,0.7380898327708284,-2.261800699300699,92.23874201919828
2019-03-03 12:04:10,5.622,0.5109852688413428,-2.36013986013986,89.12554234394452
2019-03-03 12:04:13,5.628,0.6245375508060855,-2.458479020979021,83.42301871457208
2019-03-03 12:36:41,2.094,-3.122687754030428,-1.4750874125874125,865.6637189129067
2019-03-03 12:36:42,2.1,-3.3497923179599134,-1.5734265734265733,1789.0570886494818
2019-03-03 12:36:43,2.103,-2.8388070491185706,-0.590034965034965,5265.997335915344
2019-03-03 12:36:43,2.115,-2.1007172163477423,0.09833916083916083,9093.989979148106
2019-03-03 12:36:44,2.1270000000000002,-1.362627383576914,0.590034965034965,12108.238995081265
2019-03-03 12:36:45,2.1270000000000002,-0.5109852688413428,1.8684440559440558,10099.020096570423
2019-03-03 12:36:46,2.124,-0.5677614098237141,2.5568181818181817,5796.117894321909
2019-03-03 12:37:39,2.013,-0.7948659737531998,3.441870629370629,466.3821518813804
2019-03-03 13:16:32,2.301,-0.6245375508060855,-3.1468531468531467,1009.3723155586775
2019-03-03 13:16:33,2.2920000000000003,-0.965194396700314,-3.048513986013986,1483.4287414620007
2019-03-03 13:16:34,2.2920000000000003,-1.249075101612171,-2.6551573426573425,623.8046063926834
2019-03-03 13:16:35,2.307,-1.5329558065240283,-1.8684440559440558,1401.2760427185951
2019-03-03 13:16:35,2.322,-1.930388793400628,-1.18006993006993,3564.4486366020305
2019-03-03 13:16:36,2.334,-2.2710456392948566,0.09833916083916083,3714.8495020919504
2019-03-03 13:16:37,2.346,-2.043941075365371,1.2784090909090908,2986.976483329494
2019-03-03 13:16:38,2.364,-1.5329558065240283,2.6551573426573425,1857.2154417480372
2019-03-03 13:16:39,2.373,-1.1355228196474283,3.2451923076923075,1181.122193678568
2019-03-03 13:16:39,2.376,-1.3058512425945425,3.441870629370629,1098.6876114697677
2019-03-03 13:17:28,2.154,0.5109852688413428,3.3435314685314683,1055.4495555872325
2019-03-03 13:17:31,2.148,-3.009135472065685,-0.590034965034965,3038.510835948583
2019-03-03 13:17:31,2.1510000000000002,-2.441374062241971,-0.7867132867132867,4276.56451582455
2019-03-03 13:17:32,2.154,-1.4761796655416568,-0.590034965034965,2951.657755500333
2019-03-03 13:17:33,2.154,-1.1355228196474283,-0.49169580419580416,1345.7064429604109
2019-03-03 13:17:34,2.172,0.965194396700314,-0.9833916083916083,2422.974755550519
2019-03-03 13:17:35,2.184,1.7600603704535138,-1.4750874125874125,2502.254353237636
2019-03-03 13:17:35,2.193,2.2142694983124853,-2.1634615384615383,776.4838714894717
2019-03-03 13:17:51,2.202,-2.2710456392948566,3.048513986013986,930.7155758683589
2019-03-03 13:17:51,2.199,-2.1007172163477423,3.1468531468531467,1379.9059722167942
2019-03-03 13:17:52,2.199,-1.9871649343829996,3.048513986013986,1371.4491857341425
2019-03-03 13:17:54,2.214,-0.8516421147355712,2.5568181818181817,2578.3190532448557
2019-03-03 13:17:55,2.217,-0.965194396700314,2.5568181818181817,3413.2663881197054
2019-03-03 13:17:55,2.22,-1.1355228196474283,2.458479020979021,2810.4056481502553
2019-03-03 13:17:56,2.226,-1.1355228196474283,2.458479020979021,3790.2643333894384
2019-03-03 13:17:57,2.22,-0.3406568458942285,2.5568181818181817,3801.4724161775844
2019-03-03 13:17:58,2.217,0.056776140982371416,2.5568181818181817,3989.504658454886
2019-03-03 13:17:59,2.208,0.056776140982371416,2.5568181818181817,3542.8179483634954
2019-03-03 13:17:59,2.202,0.6245375508060855,2.6551573426573425,1666.5091905821741
2019-03-03 13:18:00,2.202,0.5677614098237141,2.5568181818181817,2426.488240440246
2019-03-03 13:18:01,2.214,1.362627383576914,2.261800699300699,1515.9611964335027
2019-03-03 13:18:02,2.226,2.6684786261714564,1.6717657342657342,2292.3762645489237
2019-03-03 13:18:07,2.31,0.9084182557179427,-3.048513986013986,1472.0991937506997
2019-03-03 13:18:07,2.313,1.8736126524182566,-2.5568181818181817,779.6057072045645
2019-03-03 13:18:24,2.067,-1.646508088488771,3.048513986013986,2340.0640764035024
2019-03-03 13:18:24,2.061,-1.0219705376826855,2.950174825174825,3201.412712223672
2019-03-03 13:18:25,2.055,-0.45420912785897133,2.5568181818181817,5277.748414692167
2019-03-03 13:18:26,2.058,0.11355228196474283,1.9667832167832167,8753.939433152693
2019-03-03 13:18:27,2.061,0.7948659737531998,1.3767482517482517,13865.418624611111
2019-03-03 13:18:27,2.064,1.0787466786650568,-0.09833916083916083,18603.947855242986
2019-03-03 13:18:28,2.043,0.7948659737531998,-1.18006993006993,16253.51742816259
2019-03-03 13:18:29,2.031,0.056776140982371416,-1.3767482517482517,11013.018729355725
2019-03-03 13:18:31,2.037,-0.5677614098237141,-2.0651223776223775,5991.90676373923
2019-03-03 13:18:31,2.04,-0.3974329868765999,-2.261800699300699,2585.5460530642
2019-03-03 13:18:32,2.04,0.056776140982371416,-2.36013986013986,1516.672117733375
2019-03-03 13:18:35,2.238,-2.725254767153828,2.5568181818181817,1141.0560052812991
2019-03-03 13:18:35,2.241,-2.611702485189085,2.36013986013986,1512.67120644883
2019-03-03 13:18:36,2.217,-0.7948659737531998,2.261800699300699,4325.280252239811
2019-03-03 13:18:37,2.202,0.45420912785897133,2.1634615384615383,4945.384030973403
2019-03-03 13:18:38,2.199,1.0787466786650568,2.261800699300699,3843.052818502017
2019-03-03 13:18:39,2.199,1.1355228196474283,2.261800699300699,3686.9862527333185
2019-03-03 13:18:39,2.199,1.646508088488771,2.1634615384615383,2879.5704720953217
2019-03-03 13:18:40,2.085,0.0,-3.048513986013986,4180.561693069433
2019-03-03 13:19:05,2.1390000000000002,0.2838807049118571,3.54020979020979,2734.0403125946327
2019-03-03 13:19:06,2.124,0.8516421147355712,2.1634615384615383,9106.546630600706
2019-03-03 13:19:07,2.115,0.9084182557179427,1.5734265734265733,9158.953993215657
2019-03-03 13:19:07,2.112,0.9084182557179427,1.3767482517482517,9847.333618747592
2019-03-03 13:19:08,2.091,1.7032842294711423,-0.09833916083916083,12234.093374492639
2019-03-03 13:19:09,2.079,2.2142694983124853,-1.2784090909090908,7520.846903065861
2019-03-03 13:19:10,2.073,2.2142694983124853,-2.0651223776223775,4486.225857277527
2019-03-03 13:19:11,2.073,2.1007172163477423,-2.5568181818181817,3389.114522506291
2019-03-03 13:19:12,2.019,1.5897319475063996,-3.1468531468531467,713.5910048475996
2019-03-03 13:19:13,2.0100000000000002,1.1922989606297998,-3.048513986013986,1272.575426196723
2019-03-03 13:22:09,2.1750000000000003,-1.3058512425945425,3.2451923076923075,341.10832482042525
2019-03-03 13:22:10,2.178,-1.362627383576914,3.048513986013986,418.2564382651761
2019-03-03 13:22:11,2.178,-1.3058512425945425,2.6551573426573425,627.8305092208511
2019-03-03 13:22:11,2.172,-1.1922989606297998,2.458479020979021,800.5264291240205
2019-03-03 13:22:12,2.16,-1.3058512425945425,2.5568181818181817,837.1375284461465
2019-03-03 13:32:07,2.037,-0.5677614098237141,2.851835664335664,1598.0092558452493
2019-03-03 13:32:07,2.04,1.3058512425945425,2.6551573426573425,1650.849107438162
2019-03-03 13:33:38,2.4,0.11355228196474283,-3.7368881118881117,767.9652488020281
2019-03-03 13:33:39,2.3970000000000002,0.3974329868765999,-2.851835664335664,2064.944504626497
2019-03-03 13:33:39,2.394,0.22710456392948566,-2.458479020979021,2600.354305188217
2019-03-03 13:33:40,2.391,-0.22710456392948566,-2.36013986013986,2849.4886432241224
2019-03-03 13:33:41,2.364,0.3406568458942285,-1.4750874125874125,5282.481786851399
2019-03-03 13:33:42,2.346,0.6245375508060855,-0.8850524475524475,5383.710133990512
2019-03-03 13:33:43,2.334,0.681313691788457,-0.7867132867132867,5925.328273932356
2019-03-03 13:33:43,2.337,0.5109852688413428,-0.8850524475524475,7495.617189947098
2019-03-03 13:33:44,2.343,0.5677614098237141,-0.6883741258741258,3316.7119770243808
2019-03-03 13:33:45,2.361,1.362627383576914,0.0,1662.7409821947886
2019-03-03 13:33:46,2.367,1.646508088488771,0.2950174825174825,1311.4811170185346
2019-03-03 13:33:47,2.364,1.8168365114358853,0.590034965034965,1107.823162442282
2019-03-03 13:33:47,2.367,2.441374062241971,1.8684440559440558,918.04254127337
2019-03-03 13:33:48,2.37,2.498150203224342,2.5568181818181817,436.7879919067085
2019-03-03 13:34:11,2.454,-1.930388793400628,-3.1468531468531467,756.3230352140769
2019-03-03 13:34:12,2.454,-2.327821780277228,-2.950174825174825,709.240926909676
2019-03-03 13:34:13,2.451,-2.7820309081361994,-2.458479020979021,864.2687464272896
2019-03-03 13:34:14,2.451,-3.009135472065685,-1.8684440559440558,1017.9907034938678
2019-03-03 13:34:16,2.286,0.45420912785897133,-3.7368881118881117,619.6177783907776
2019-03-03 13:34:17,2.286,0.3974329868765999,-2.950174825174825,1384.3990174784403
2019-03-03 13:34:18,2.286,0.056776140982371416,-2.458479020979021,1609.3202405580666
2019-03-03 13:34:19,2.271,0.7948659737531998,-1.9667832167832167,1337.6161537913265
2019-03-03 13:34:19,2.2560000000000002,1.4761796655416568,-1.9667832167832167,1602.0039449407907
2019-03-03 13:34:19,2.622,3.4065684589422847,0.49169580419580416,601.8327160568566
2019-03-03 13:34:20,2.2560000000000002,1.5897319475063996,-2.1634615384615383,1784.5925152427542
2019-03-03 13:34:20,2.625,3.4065684589422847,0.9833916083916083,483.6284324681121
2019-03-03 13:34:21,2.2680000000000002,2.1007172163477423,-1.770104895104895,1531.8519888839808
2019-03-03 13:34:21,2.628,3.293016176977542,0.9833916083916083,520.5265688363936
2019-03-03 13:34:22,2.274,2.2142694983124853,-1.2784090909090908,1914.9902510185054
2019-03-03 13:34:22,2.625,2.725254767153828,2.0651223776223775,1210.0183518863819
2019-03-03 13:34:23,2.274,2.2142694983124853,-0.6883741258741258,2290.5707397452247
2019-03-03 13:34:23,2.613,1.8168365114358853,3.048513986013986,1103.3448656172882
2019-03-03 13:34:23,2.2680000000000002,1.8736126524182566,-0.09833916083916083,2374.22667367885
2019-03-03 13:34:24,2.25,2.6684786261714564,0.6883741258741258,982.1824210276552
2019-03-03 13:34:25,2.247,2.7820309081361994,0.590034965034965,1328.7739251858052
2019-03-03 13:34:26,2.247,2.7820309081361994,0.19667832167832167,2501.010186164532
2019-03-03 13:34:34,2.544,0.11355228196474283,3.7368881118881117,654.9125452663407
2019-03-03 13:34:35,2.535,-0.17032842294711426,3.54020979020979,638.2385699641235
2019-03-03 13:34:35,2.535,-0.6245375508060855,3.441870629370629,1140.4516055568943
2019-03-03 13:34:36,2.541,-0.6245375508060855,3.441870629370629,816.285669987296
2019-03-03 13:34:37,2.547,-0.056776140982371416,3.3435314685314683,1310.3746371466345
2019-03-03 13:34:38,2.547,0.056776140982371416,3.3435314685314683,1045.798956446694
2019-03-03 13:34:39,2.547,-0.17032842294711426,3.1468531468531467,1285.1495618565248
2019-03-03 13:34:39,2.5500000000000003,-0.5109852688413428,3.3435314685314683,946.043901099297
2019-03-03 13:34:40,2.124,2.7820309081361994,-2.458479020979021,572.0969184387808
2019-03-03 13:34:41,2.118,2.611702485189085,-2.261800699300699,1263.9393481375503
2019-03-03 13:35:51,2.466,1.7600603704535138,3.048513986013986,373.0223885834852
2019-03-03 13:35:51,2.454,2.2710456392948566,2.6551573426573425,437.0648754247785
2019-03-03 13:35:52,2.442,2.8955831901009423,2.0651223776223775,363.2626262204691
2019-03-03 13:35:53,2.436,3.122687754030428,1.6717657342657342,401.54527475777263
2019-03-03 13:36:13,2.115,-2.498150203224342,2.950174825174825,600.3901647512291
2019-03-03 13:36:14,2.112,-0.8516421147355712,2.458479020979021,2153.989291141013
2019-03-03 13:36:15,2.106,0.7948659737531998,2.1634615384615383,2771.1183651798506
2019-03-03 13:36:15,2.1,1.646508088488771,2.0651223776223775,2125.033228170399
2019-03-03 13:37:19,2.094,3.3497923179599134,-0.09833916083916083,1432.5942147628134
2019-03-03 13:37:19,2.091,2.554926344206714,0.2950174825174825,4001.0256208845353
2019-03-03 13:37:20,2.088,2.2142694983124853,0.49169580419580416,4114.031863850251
2019-03-03 13:37:21,2.091,1.5897319475063996,0.2950174825174825,6821.759186736212
2019-03-03 13:37:22,2.094,0.9084182557179427,-0.2950174825174825,7744.494815849513
2019-03-03 13:37:23,2.094,-1.3058512425945425,0.8850524475524475,6862.416030421707
2019-03-03 13:38:01,2.358,1.646508088488771,2.261800699300699,743.7383435321346
2019-03-03 13:38:02,2.37,2.8955831901009423,0.9833916083916083,1749.0936438018548
2019-03-03 13:38:15,2.634,-2.498150203224342,-2.950174825174825,615.9554752104534
2019-03-03 13:38:15,2.637,-2.498150203224342,-2.950174825174825,636.3414923460696
2019-03-03 13:38:18,2.6430000000000002,-2.043941075365371,-2.7534965034965033,267.65628588082035
2019-03-03 13:38:19,2.649,-2.1574933573301136,-2.7534965034965033,266.98948867772526
2019-03-03 13:38:19,2.664,-1.646508088488771,-2.0651223776223775,595.3399103059702
2019-03-03 13:38:20,2.6790000000000003,-1.249075101612171,-1.4750874125874125,937.3168280274996
2019-03-03 13:38:21,2.685,-0.965194396700314,-0.9833916083916083,1451.7608523093377
2019-03-03 13:38:22,2.685,-0.965194396700314,-0.590034965034965,1781.2118286082691
2019-03-03 13:38:23,2.6790000000000003,-1.3058512425945425,-0.6883741258741258,1523.7907001556807
2019-03-03 13:38:23,2.682,-0.965194396700314,-0.2950174825174825,1269.7334809244746
2019-03-03 13:38:24,2.688,-0.9084182557179427,-0.39335664335664333,1297.2518848403902
2019-03-03 13:38:25,2.721,-0.6245375508060855,-0.2950174825174825,852.885023486635
2019-03-03 13:38:26,2.007,-3.179463895012799,-1.0817307692307692,1765.026433590889
2019-03-03 13:38:26,2.748,-0.45420912785897133,-0.09833916083916083,901.3208732738143
2019-03-03 13:38:27,2.0100000000000002,-3.009135472065685,-1.4750874125874125,1883.592101604816
2019-03-03 13:38:27,2.757,-0.2838807049118571,0.09833916083916083,982.4406567452654
2019-03-03 13:38:27,2.0100000000000002,-3.2362400359951704,-1.6717657342657342,2003.7146065956026
2019-03-03 13:38:27,2.763,-0.3974329868765999,0.39335664335664333,1181.5276685142483
2019-03-03 13:38:28,2.763,-0.6245375508060855,0.6883741258741258,1250.816736932805
2019-03-03 13:38:29,2.001,-2.8955831901009423,-1.18006993006993,1588.5284954133735
2019-03-03 13:38:29,2.757,-1.0787466786650568,0.8850524475524475,1095.8084355860171
2019-03-03 13:38:30,2.754,-1.646508088488771,0.9833916083916083,912.0601704726133
2019-03-03 13:38:31,2.004,-2.2142694983124853,-0.590034965034965,4148.011378065571
2019-03-03 13:38:31,2.757,-1.0787466786650568,1.4750874125874125,2792.751136469104
2019-03-03 13:38:31,2.0100000000000002,-2.2142694983124853,-0.7867132867132867,5146.558686795154
2019-03-03 13:38:31,2.769,-0.5677614098237141,1.3767482517482517,2870.02721073102
2019-03-03 13:38:32,2.019,-1.7600603704535138,-1.0817307692307692,3980.2740652380107
2019-03-03 13:38:32,2.775,-0.17032842294711426,1.3767482517482517,3199.205292842998
2019-03-03 13:38:33,2.031,-0.3974329868765999,-1.0817307692307692,3546.9014014783706
2019-03-03 13:38:33,2.778,0.2838807049118571,1.2784090909090908,4525.681658666717
2019-03-03 13:38:34,2.0340000000000003,0.11355228196474283,-0.9833916083916083,3903.581850971711
2019-03-03 13:38:34,2.775,0.9084182557179427,1.4750874125874125,3698.7723839057985
2019-03-03 13:38:35,2.0340000000000003,0.22710456392948566,-0.6883741258741258,5229.79258602148
2019-03-03 13:38:35,2.769,1.362627383576914,1.770104895104895,2356.0765613075882
2019-03-03 13:38:35,2.0340000000000003,0.8516421147355712,-0.09833916083916083,6671.700677363411
2019-03-03 13:38:35,2.763,1.4194035245592853,2.0651223776223775,2216.833279073843
2019-03-03 13:38:36,2.031,0.681313691788457,0.2950174825174825,9675.01553193398
2019-03-03 13:38:37,2.025,0.3974329868765999,0.6883741258741258,10955.709197873708
2019-03-03 13:38:38,2.031,1.1355228196474283,0.590034965034965,4562.373329794147
2019-03-03 13:38:39,2.031,0.7948659737531998,0.09833916083916083,5291.669598547169
2019-03-03 13:38:39,2.697,0.056776140982371416,1.4750874125874125,2365.0675776519183
2019-03-03 13:38:39,2.031,0.3974329868765999,-0.39335664335664333,6202.945195252536
2019-03-03 13:38:39,2.6790000000000003,0.056776140982371416,0.8850524475524475,3565.8435730552455
2019-03-03 13:38:40,2.0340000000000003,0.8516421147355712,-0.7867132867132867,7884.393089313361
2019-03-03 13:38:40,2.67,0.2838807049118571,0.49169580419580416,4713.364769703729
2019-03-03 13:38:41,2.031,2.2710456392948566,-1.4750874125874125,2979.846279979944
2019-03-03 13:38:41,2.658,1.4194035245592853,0.2950174825174825,4323.778022210062
2019-03-03 13:38:42,2.0340000000000003,3.179463895012799,-1.6717657342657342,1230.397277078713
2019-03-03 13:38:42,2.472,-1.5329558065240283,1.5734265734265733,2094.8528340036187
2019-03-03 13:38:43,2.46,-0.681313691788457,1.3767482517482517,3239.2105221724146
2019-03-03 13:38:43,2.457,-0.7380898327708284,1.18006993006993,3075.42222141552
2019-03-03 13:38:44,2.448,-1.3058512425945425,0.49169580419580416,3661.1801163465598
2019-03-03 13:38:45,2.442,-2.043941075365371,0.39335664335664333,2591.1733441101887
2019-03-03 13:38:46,2.436,-2.725254767153828,0.39335664335664333,1550.5275980916258
2019-03-03 13:38:47,2.424,-2.725254767153828,-0.09833916083916083,1560.7998130010462
2019-03-03 13:38:47,2.547,2.498150203224342,0.590034965034965,2044.8002523727514
2019-03-03 13:38:48,2.556,2.3845979212595996,0.39335664335664333,2791.5527582226428
2019-03-03 13:38:49,2.016,-2.6684786261714564,-2.36013986013986,1738.4524485124637
2019-03-03 13:38:49,2.559,2.554926344206714,0.19667832167832167,3000.0544406573717
2019-03-03 13:38:50,2.004,-1.930388793400628,-2.261800699300699,2901.344435196022
2019-03-03 13:38:50,2.433,-0.5677614098237141,-1.770104895104895,3615.0556213407795
2019-03-03 13:38:51,2.424,0.056776140982371416,-1.6717657342657342,3784.965284868703
2019-03-03 13:38:51,2.415,0.22710456392948566,-1.4750874125874125,3835.338059414727
2019-03-03 13:38:54,2.106,0.7948659737531998,3.638548951048951,936.0008277689356
2019-03-03 13:38:55,2.109,0.5109852688413428,3.3435314685314683,1448.060582152176
2019-03-03 13:38:55,2.118,1.7032842294711423,2.950174825174825,887.1179645016446
2019-03-03 13:39:22,2.169,-1.7032842294711423,3.1468531468531467,845.5584478660489
2019-03-03 13:39:23,2.1630000000000003,-1.362627383576914,2.458479020979021,2452.8681194097117
2019-03-03 13:39:23,2.157,-0.9084182557179427,1.6717657342657342,4503.138031396208
2019-03-03 13:39:24,2.145,-1.1355228196474283,1.6717657342657342,4534.249504533036
2019-03-03 13:39:25,2.136,-1.9871649343829996,1.770104895104895,3320.1391969694723
2019-03-03 13:39:26,2.124,-2.1007172163477423,0.2950174825174825,4173.02985857323
2019-03-03 13:39:27,2.118,-2.3845979212595996,-1.0817307692307692,2898.189224478329
2019-03-03 13:39:27,2.118,-2.498150203224342,-2.1634615384615383,1589.0341770833998
2019-03-03 13:39:28,2.115,-2.1007172163477423,-3.048513986013986,1052.3440983386806
2019-03-03 13:39:30,2.1,-0.8516421147355712,-3.54020979020979,1092.7934122400834
2019-03-03 13:39:35,2.136,-1.8736126524182566,2.458479020979021,715.745602846253
2019-03-03 13:39:35,2.148,-0.7948659737531998,1.9667832167832167,1779.2060065992948
2019-03-03 13:39:36,2.157,0.056776140982371416,2.1634615384615383,5628.085447792767
2019-03-03 13:39:37,2.166,1.362627383576914,1.3767482517482517,4019.478404332766
2019-03-03 13:39:38,2.172,1.5897319475063996,0.8850524475524475,7915.465485399779
2019-03-03 13:39:39,2.178,1.1355228196474283,0.09833916083916083,7749.470276766732
2019-03-03 13:39:39,2.1750000000000003,1.646508088488771,-1.5734265734265733,5244.776408581027
2019-03-03 13:39:40,2.1750000000000003,2.1574933573301136,-2.6551573426573425,1786.7402078041714
2019-03-03 13:39:54,2.037,-3.6336730228717706,0.09833916083916083,1534.4713281096965
2019-03-03 13:39:55,2.04,-3.293016176977542,-0.49169580419580416,1956.430472781253
2019-03-03 13:39:55,2.019,-2.3845979212595996,-2.1634615384615383,2497.196923783679
2019-03-03 13:41:14,2.439,1.362627383576914,-2.5568181818181817,413.9945504320144
2019-03-03 13:41:15,2.445,1.0787466786650568,-2.0651223776223775,792.4680875810116
2019-03-03 13:41:15,2.466,0.17032842294711426,-0.39335664335664333,972.5522938888201
2019-03-03 13:41:16,2.484,-0.6245375508060855,0.8850524475524475,946.5369974684627
2019-03-03 13:49:23,2.1510000000000002,1.362627383576914,3.54020979020979,868.8517542593512
2019-03-03 13:50:44,2.0100000000000002,-3.179463895012799,0.6883741258741258,475.9316563118578
2019-03-03 13:50:45,2.013,-3.0659116130480566,1.18006993006993,905.452177166176
2019-03-03 14:07:14,2.001,1.4761796655416568,1.6717657342657342,2433.07750409519
2019-03-03 14:07:37,2.211,0.7948659737531998,3.638548951048951,1378.81596018855
2019-03-03 14:07:37,2.202,0.7948659737531998,3.2451923076923075,1534.4749823456332
2019-03-03 14:07:38,2.181,0.8516421147355712,2.5568181818181817,4024.228820745971
2019-03-03 14:07:39,2.16,0.5677614098237141,1.8684440559440558,3899.6037709506363
2019-03-03 14:07:39,2.148,0.056776140982371416,1.3767482517482517,4511.323551963202
2019-03-03 14:07:40,2.145,0.5677614098237141,0.9833916083916083,6814.906396349519
2019-03-03 14:07:41,2.145,1.0787466786650568,0.6883741258741258,8568.643238381246
2019-03-03 14:07:42,2.148,1.4761796655416568,0.49169580419580416,2605.039735340105
2019-03-03 14:07:43,2.1510000000000002,1.5897319475063996,0.590034965034965,2372.9485806529924
2019-03-03 14:07:43,2.145,1.4761796655416568,0.6883741258741258,2754.6939285177373
2019-03-03 14:07:45,2.187,3.179463895012799,1.9667832167832167,389.0797401223747
2019-03-03 14:08:10,2.415,1.362627383576914,2.1634615384615383,632.210352951663
2019-03-03 14:08:11,2.418,1.1355228196474283,1.5734265734265733,3494.2794118149272
2019-03-03 14:08:11,2.415,0.7948659737531998,1.18006993006993,4157.2057104117
2019-03-03 14:08:12,2.427,-0.8516421147355712,1.0817307692307692,840.2955125097545
2019-03-03 14:08:13,2.442,-2.327821780277228,1.0817307692307692,1240.0754615952571
2019-03-03 14:08:14,2.448,-3.576896881889399,0.2950174825174825,832.8686210556874
2019-03-03 14:08:30,2.5020000000000002,1.646508088488771,-0.9833916083916083,2595.409771552986
2019-03-03 14:09:48,2.136,-2.2142694983124853,-1.8684440559440558,899.4223042154322
2019-03-03 14:09:48,2.148,-2.2710456392948566,-1.0817307692307692,1055.7460343276161
2019-03-03 14:09:49,2.166,-2.1574933573301136,-0.2950174825174825,1713.8415921785142
2019-03-03 14:09:50,2.187,-1.1922989606297998,0.7867132867132867,2075.8242052583914
2019-03-03 14:09:51,2.193,-0.7948659737531998,1.3767482517482517,2764.9026851149224
2019-03-03 14:09:51,2.19,-1.0219705376826855,1.5734265734265733,1973.3380141542639
2019-03-03 14:10:06,2.376,-1.4194035245592853,-3.54020979020979,863.0436457652563
2019-03-03 14:10:07,2.382,-1.3058512425945425,-3.1468531468531467,1320.2955363715453
2019-03-03 14:10:07,2.388,-1.1922989606297998,-0.9833916083916083,6252.691430366842
2019-03-03 14:10:08,2.388,-1.646508088488771,0.19667832167832167,6078.848978559117
2019-03-03 14:10:09,2.382,-2.2710456392948566,1.2784090909090908,2732.8513200386587
2019-03-03 14:10:10,2.3850000000000002,-2.7820309081361994,2.0651223776223775,1419.360126378419
2019-03-03 14:10:13,2.364,3.179463895012799,1.9667832167832167,555.2656328398958
2019-03-03 14:10:18,2.3970000000000002,3.0659116130480566,2.1634615384615383,1090.0012809761001
2019-03-03 14:10:19,2.373,2.9523593310833136,2.458479020979021,1056.8137380684661
2019-03-03 14:10:42,2.346,1.4761796655416568,-3.2451923076923075,1167.6043649338383
2019-03-03 14:10:43,2.331,0.17032842294711426,-2.851835664335664,2986.250697749638
2019-03-03 14:10:43,2.328,-1.0219705376826855,-3.048513986013986,1977.208489837063
2019-03-03 14:10:44,2.331,-1.7032842294711423,-2.1634615384615383,1034.0885491747536
2019-03-03 14:10:45,2.334,-1.9871649343829996,-1.4750874125874125,1242.56610404285
2019-03-03 14:10:46,2.37,-0.681313691788457,-0.09833916083916083,2110.427264526992
2019-03-03 14:10:47,2.391,-0.17032842294711426,0.49169580419580416,2199.2673000422756
2019-03-03 14:10:47,2.412,0.22710456392948566,0.8850524475524475,6058.4225492045025
2019-03-03 14:10:48,2.424,1.7600603704535138,1.4750874125874125,4692.130123881111
2019-03-03 14:10:49,2.427,2.2142694983124853,1.6717657342657342,3458.2526911630293
2019-03-03 14:10:50,2.43,2.1574933573301136,1.4750874125874125,3557.0763702711347
2019-03-03 14:10:51,2.433,2.1007172163477423,1.6717657342657342,3194.7662892918115
2019-03-03 14:10:51,2.448,3.009135472065685,2.0651223776223775,460.03722039267745
2019-03-03 14:10:56,2.475,0.8516421147355712,3.638548951048951,1123.113071232076
2019-03-03 14:10:56,2.475,0.5109852688413428,3.441870629370629,1579.7683507021036
2019-03-03 14:10:57,2.472,-0.11355228196474283,3.048513986013986,1914.7498654578108
2019-03-03 14:10:58,2.463,-1.1922989606297998,2.950174825174825,2260.1243404653587
2019-03-03 14:11:10,2.172,1.3058512425945425,3.2451923076923075,600.0263334605422
2019-03-03 14:11:11,2.181,1.3058512425945425,2.950174825174825,763.9978872628317
2019-03-03 14:11:11,2.19,1.1922989606297998,2.458479020979021,1054.777889296102
2019-03-03 14:11:12,2.193,0.7948659737531998,1.9667832167832167,1141.5434546571407
2019-03-03 14:11:13,2.19,0.5677614098237141,1.2784090909090908,6162.128645596274
2019-03-03 14:11:14,2.172,0.17032842294711426,0.19667832167832167,8502.600621294789
2019-03-03 14:11:15,2.1630000000000003,-0.22710456392948566,-0.7867132867132867,9034.123057716804
2019-03-03 14:11:15,2.1630000000000003,-0.3974329868765999,-1.2784090909090908,9475.23567482724
2019-03-03 14:11:16,2.16,1.4761796655416568,-1.3767482517482517,4501.160486902202
2019-03-03 14:11:16,2.406,0.45420912785897133,0.0,4771.644164223615
2019-03-03 14:11:17,2.157,1.930388793400628,-1.4750874125874125,1558.599012023106
2019-03-03 14:11:17,2.406,0.9084182557179427,-0.09833916083916083,5100.725920179117
2019-03-03 14:11:18,2.169,2.725254767153828,-0.9833916083916083,766.1562889824904
2019-03-03 14:11:18,2.415,1.5897319475063996,-0.49169580419580416,1277.4709796690695
2019-03-03 14:11:19,2.184,3.0659116130480566,-0.49169580419580416,520.2444982017406
2019-03-03 14:11:19,2.4210000000000003,1.4761796655416568,-1.0817307692307692,1870.894837486738
2019-03-03 14:11:19,2.193,2.8388070491185706,-0.590034965034965,471.1144681865976
2019-03-03 14:11:19,2.46,2.6684786261714564,-0.6883741258741258,557.7342548081031
2019-03-03 14:11:20,2.481,3.122687754030428,-0.39335664335664333,490.3065195826735
2019-03-03 14:11:26,2.1630000000000003,3.5201207409070276,-0.8850524475524475,1088.2298664760692
2019-03-03 14:11:27,2.16,3.2362400359951704,-0.6883741258741258,1170.7419429697263
2019-03-03 14:11:27,2.1510000000000002,2.725254767153828,-0.39335664335664333,2496.4768631092943
2019-03-03 14:11:28,2.145,1.930388793400628,-0.09833916083916083,7077.046410622965
2019-03-03 14:11:29,2.142,1.1922989606297998,0.2950174825174825,9713.531473635252
2019-03-03 14:11:30,2.13,0.7380898327708284,0.590034965034965,9413.224277249135
2019-03-03 14:11:31,2.118,0.2838807049118571,0.7867132867132867,10257.206049993662
2019-03-03 14:11:31,2.112,-0.3974329868765999,1.0817307692307692,8597.33930790587
2019-03-03 14:11:32,2.091,-2.1007172163477423,1.5734265734265733,1772.214879926583
2019-03-03 14:11:33,2.1,-3.009135472065685,1.770104895104895,584.5608480916038
2019-03-03 14:11:46,2.1390000000000002,-2.6684786261714564,2.458479020979021,519.1187211152463
2019-03-03 14:11:47,2.145,-2.441374062241971,2.0651223776223775,863.3352872405504
2019-03-03 14:11:47,2.148,-2.554926344206714,1.8684440559440558,740.037623050923
2019-03-03 14:11:48,2.1630000000000003,-2.043941075365371,2.6551573426573425,729.0686494155868
2019-03-03 14:11:53,2.205,-1.362627383576914,3.441870629370629,1182.916619436151
2019-03-03 14:11:54,2.214,-1.8736126524182566,2.1634615384615383,2082.6027793267112
2019-03-03 14:11:55,2.22,-2.498150203224342,1.3767482517482517,1326.2464843194516
2019-03-03 14:11:55,2.235,-3.3497923179599134,0.7867132867132867,539.8498564748804
2019-03-03 14:11:57,2.25,-3.5201207409070276,0.19667832167832167,1652.301212324166
2019-03-03 14:11:58,2.253,-3.690449163854142,-0.19667832167832167,1059.3774743508454
2019-03-03 14:11:59,2.25,-2.043941075365371,-0.09833916083916083,4490.519985372631
2019-03-03 14:11:59,2.259,-1.1922989606297998,0.0,2259.566220977973
2019-03-03 14:12:00,2.283,-0.2838807049118571,0.590034965034965,3174.151359794606
2019-03-03 14:12:01,2.289,-0.22710456392948566,0.6883741258741258,3056.8085092121823
2019-03-03 14:12:02,2.298,1.0219705376826855,1.5734265734265733,4468.3214309380255
2019-03-03 14:12:03,2.301,1.9871649343829996,2.1634615384615383,2154.7711207488214
2019-03-03 14:12:08,2.316,3.576896881889399,0.9833916083916083,890.2216294651284
2019-03-03 14:12:08,2.316,3.293016176977542,0.6883741258741258,1138.8142873295571
2019-03-03 14:12:09,2.319,2.8388070491185706,0.2950174825174825,689.041221063297
2019-03-03 14:12:10,2.331,2.725254767153828,0.0,630.7630146214092
2019-03-03 14:12:11,2.349,2.8955831901009423,-0.09833916083916083,636.6405937869254
2019-03-03 14:12:11,2.358,3.009135472065685,-0.09833916083916083,616.3310004208741
2019-03-03 14:12:14,2.0460000000000003,3.293016176977542,0.39335664335664333,426.9024687682044
2019-03-03 14:12:15,2.061,3.293016176977542,0.7867132867132867,1375.9594002411434
2019-03-03 14:12:16,2.064,3.2362400359951704,0.19667832167832167,2670.4898955392136
2019-03-03 14:12:17,2.061,3.2362400359951704,-0.09833916083916083,921.720064223867
2019-03-03 14:12:45,2.415,3.122687754030428,1.5734265734265733,1496.2372095938658
2019-03-03 14:12:46,2.412,1.5897319475063996,2.5568181818181817,882.3624494057824
2019-03-03 14:12:47,2.403,1.0787466786650568,3.1468531468531467,571.6157831120423
2019-03-03 14:12:51,2.487,-0.7380898327708284,3.638548951048951,264.64096239338363
2019-03-03 14:13:18,2.157,1.5329558065240283,-2.5568181818181817,2374.3387091633963
2019-03-03 14:17:21,9.909,1.930388793400628,0.19667832167832167,39.92221770908684
2019-03-03 14:18:30,2.121,3.009135472065685,2.261800699300699,730.1536250662315
2019-03-03 14:18:31,2.097,2.043941075365371,1.770104895104895,3915.8613963613684
2019-03-03 14:18:31,2.085,1.1922989606297998,1.0817307692307692,4142.32690515726
2019-03-03 14:18:32,2.07,-0.22710456392948566,1.9667832167832167,1367.567428655809
2019-03-03 14:18:33,2.073,-0.8516421147355712,2.458479020979021,1113.6253917704212
2019-03-03 14:18:34,2.073,-1.0219705376826855,2.7534965034965033,781.2673676668078
2019-03-03 14:18:35,2.07,-0.8516421147355712,2.950174825174825,2087.1298958507136
2019-03-03 14:18:35,2.061,-0.7380898327708284,2.7534965034965033,2274.717690456329
2019-03-03 14:18:36,2.058,-0.7380898327708284,2.458479020979021,2896.6765891961936
2019-03-03 14:18:37,2.049,-0.5677614098237141,1.8684440559440558,5946.101213942648
2019-03-03 14:18:38,2.043,-0.7948659737531998,1.18006993006993,7555.379207722551
2019-03-03 14:18:39,2.037,-1.4194035245592853,0.6883741258741258,6355.224423617811
2019-03-03 14:18:39,2.025,-2.2710456392948566,0.2950174825174825,5137.819644983926
2019-03-03 14:18:40,2.0100000000000002,-3.122687754030428,0.09833916083916083,2478.221495205905
2019-03-03 14:19:04,2.265,3.4633445999246564,-0.590034965034965,1536.7175095263956
2019-03-03 14:19:04,2.2560000000000002,2.9523593310833136,-0.6883741258741258,2426.5917757581938
2019-03-03 14:19:05,2.25,2.611702485189085,-1.0817307692307692,1865.826116175739
2019-03-03 14:19:06,2.247,2.2710456392948566,-1.0817307692307692,2733.744744788198
2019-03-03 14:19:07,2.247,1.4194035245592853,-0.590034965034965,4427.264292818567
2019-03-03 14:19:07,2.25,0.7380898327708284,-0.39335664335664333,1998.585479445106
2019-03-03 14:19:07,2.49,1.5897319475063996,2.36013986013986,2349.356975813062
2019-03-03 14:19:08,2.253,0.0,-0.7867132867132867,4719.867416512912
2019-03-03 14:19:08,2.487,0.17032842294711426,1.5734265734265733,6703.293320966297
2019-03-03 14:19:09,2.259,-0.7948659737531998,-1.18006993006993,4767.614819388843
2019-03-03 14:19:09,2.478,-1.646508088488771,1.8684440559440558,2335.042933494049
2019-03-03 14:19:10,2.265,-0.9084182557179427,-0.6883741258741258,3514.0858532826837
2019-03-03 14:19:10,2.478,-2.327821780277228,2.458479020979021,1091.3223087054282
2019-03-03 14:19:11,2.265,-0.8516421147355712,0.09833916083916083,4133.112900301021
2019-03-03 14:19:11,2.2560000000000002,-1.0787466786650568,0.6883741258741258,4050.161470991499
2019-03-03 14:19:12,2.247,-1.646508088488771,0.8850524475524475,4064.6483615472807
2019-03-03 14:19:13,2.241,-2.441374062241971,1.6717657342657342,1179.3792666408985
2019-03-03 14:19:21,2.196,1.4194035245592853,-1.4750874125874125,4004.442507233508
2019-03-03 14:19:21,2.193,1.3058512425945425,-1.6717657342657342,4113.0386906588765
2019-03-03 14:19:22,2.19,1.1922989606297998,-1.4750874125874125,3808.318656424359
2019-03-03 14:19:25,2.184,0.11355228196474283,-0.49169580419580416,4759.329746832166
2019-03-03 14:19:25,2.1750000000000003,-0.2838807049118571,-0.39335664335664333,2828.4615270507998
2019-03-03 14:19:26,2.16,-1.646508088488771,-0.39335664335664333,1621.9963642236019
2019-03-03 14:19:51,9.579,2.611702485189085,0.49169580419580416,26.01606249882601
2019-03-03 14:19:51,9.567,2.554926344206714,0.2950174825174825,31.710098569252818
2019-03-03 14:20:27,2.475,3.009135472065685,1.770104895104895,242.59365468429158
2019-03-03 14:20:27,2.484,2.3845979212595996,2.1634615384615383,327.2039564305796
2019-03-03 14:20:28,2.484,1.8168365114358853,2.261800699300699,466.96232772731616
2019-03-03 14:20:29,2.487,1.1355228196474283,2.261800699300699,584.4443598119369
2019-03-03 14:20:30,2.511,0.056776140982371416,3.048513986013986,407.4100292650867
2019-03-03 14:20:51,2.217,-0.965194396700314,-3.3435314685314683,670.8881151615145
2019-03-03 14:20:55,2.1750000000000003,-0.7380898327708284,-3.638548951048951,743.4879958184615
2019-03-03 14:20:55,2.1630000000000003,-0.7380898327708284,-3.3435314685314683,1157.3992129911937
2019-03-03 14:20:56,2.1510000000000002,-1.1355228196474283,-3.1468531468531467,1275.6026798608166
2019-03-03 14:20:57,2.145,-1.8736126524182566,-3.1468531468531467,758.0731260150385
2019-03-03 14:21:25,2.316,-3.2362400359951704,1.8684440559440558,805.0251417175148
2019-03-03 14:21:26,2.313,-2.6684786261714564,1.3767482517482517,1947.6821291871813
2019-03-03 14:21:27,2.313,-1.9871649343829996,1.0817307692307692,3522.468865952601
2019-03-03 14:21:27,2.307,-1.5897319475063996,0.7867132867132867,4115.466995530945
2019-03-03 14:21:28,2.307,-1.4194035245592853,0.49169580419580416,5253.15870753761
2019-03-03 14:21:29,2.2920000000000003,-0.056776140982371416,0.49169580419580416,9287.674187627188
2019-03-03 14:21:30,2.289,0.6245375508060855,0.7867132867132867,5346.784996794725
2019-03-03 14:21:31,2.295,0.7948659737531998,1.18006993006993,6169.255104223439
2019-03-03 14:21:31,2.295,1.5897319475063996,1.6717657342657342,3238.7030214669717
2019-03-03 14:21:32,2.2920000000000003,1.930388793400628,1.8684440559440558,2556.8748970631664
2019-03-03 14:21:33,2.283,1.646508088488771,1.770104895104895,3680.9782371301467
2019-03-03 14:21:34,2.259,1.5329558065240283,1.5734265734265733,4726.08820990394
2019-03-03 14:21:35,2.241,0.965194396700314,1.2784090909090908,7161.943426332117
2019-03-03 14:21:35,2.235,0.3974329868765999,1.0817307692307692,8133.228710178679
2019-03-03 14:21:36,2.238,0.22710456392948566,0.9833916083916083,8592.60761541636
2019-03-03 14:21:37,2.232,1.362627383576914,0.590034965034965,8232.589285955039
2019-03-03 14:21:38,2.232,1.8168365114358853,0.49169580419580416,6973.727639523156
2019-03-03 14:21:39,2.22,2.441374062241971,0.0,4377.010690099668
2019-03-03 14:21:39,2.202,2.1574933573301136,-0.6883741258741258,3805.857768345242
2019-03-03 14:21:40,2.19,1.1355228196474283,-1.2784090909090908,5321.837872955089
2019-03-03 14:21:41,2.184,0.681313691788457,-1.9667832167832167,4772.11580401023
2019-03-03 14:21:42,2.19,1.1922989606297998,-2.261800699300699,3723.2382752125377
2019-03-03 14:21:43,2.196,2.043941075365371,-2.261800699300699,2179.1722750578647
2019-03-03 14:21:43,2.202,2.7820309081361994,-1.9667832167832167,1735.0570115526866
2019-03-03 14:21:44,2.202,2.7820309081361994,-1.6717657342657342,1659.9883512419144
2019-03-03 14:21:47,2.103,-3.0659116130480566,0.8850524475524475,1143.738768297461
2019-03-03 14:21:48,2.106,-2.2710456392948566,0.590034965034965,2119.7987981671877
2019-03-03 14:21:49,2.112,-1.5897319475063996,0.8850524475524475,2301.084274450174
2019-03-03 14:21:50,2.109,-1.5897319475063996,1.3767482517482517,1836.1462585550175
2019-03-03 14:21:51,2.103,-2.043941075365371,1.770104895104895,1075.6364395177452
2019-03-03 14:21:51,2.076,-1.362627383576914,1.2784090909090908,5340.048660182236
2019-03-03 14:21:52,2.061,-1.4761796655416568,0.39335664335664333,6017.094298766315
2019-03-03 14:21:53,2.055,-1.5329558065240283,-0.39335664335664333,5903.733472094925
2019-03-03 14:21:54,2.04,-1.0219705376826855,-1.2784090909090908,5889.371322542446
2019-03-03 14:21:55,2.0340000000000003,-0.5109852688413428,-2.458479020979021,3127.5709034174693
2019-03-03 14:21:55,2.0340000000000003,-0.3974329868765999,-3.441870629370629,1531.8470685940265
2019-03-03 14:22:05,2.214,-0.8516421147355712,0.09833916083916083,7792.152930941153
2019-03-03 14:22:05,2.214,-0.6245375508060855,0.19667832167832167,8055.316011959753
2019-03-03 14:22:06,2.214,-0.6245375508060855,0.39335664335664333,7481.7921425257855
2019-03-03 14:22:07,2.214,-0.9084182557179427,0.49169580419580416,7235.495423256956
2019-03-03 14:22:07,2.193,-0.3974329868765999,0.19667832167832167,5111.324247339104
2019-03-03 14:22:08,2.181,-0.17032842294711426,-0.19667832167832167,5781.339286614703
2019-03-03 14:22:09,2.172,-0.3406568458942285,-0.49169580419580416,5985.954914652411
2019-03-03 14:22:10,2.154,0.45420912785897133,-0.590034965034965,5453.864727359236
2019-03-03 14:22:11,2.154,0.7948659737531998,-0.590034965034965,8314.151469106571
2019-03-03 14:22:11,2.157,1.249075101612171,-0.39335664335664333,6246.010087726697
2019-03-03 14:22:12,2.157,1.1922989606297998,-0.39335664335664333,4891.8996648686525
2019-03-03 14:22:13,2.157,1.0787466786650568,-0.7867132867132867,4755.000567742469
2019-03-03 14:22:14,2.154,0.9084182557179427,-1.3767482517482517,4279.065160788577
2019-03-03 14:22:15,2.1390000000000002,1.8736126524182566,-1.5734265734265733,3487.9909707477095
2019-03-03 14:22:15,2.13,2.2142694983124853,-1.6717657342657342,3046.962492253049
2019-03-03 14:22:16,2.1270000000000002,2.1007172163477423,-1.770104895104895,3454.3812930617846
2019-03-03 14:22:19,2.07,-3.009135472065685,2.261800699300699,1191.7911206932365
2019-03-03 14:22:20,2.07,-2.498150203224342,1.9667832167832167,2368.9699602942205
2019-03-03 14:22:21,2.067,-2.327821780277228,1.8684440559440558,668.4225645662838
2019-03-03 14:22:31,2.247,-0.45420912785897133,3.7368881118881117,1199.956221847289
2019-03-03 14:23:48,2.001,1.7600603704535138,-1.0817307692307692,3515.2322733654405
2019-03-03 14:34:35,9.027000000000001,0.965194396700314,0.8850524475524475,61.22075703696472
2019-03-03 14:39:36,8.964,-1.7032842294711423,-0.39335664335664333,56.43580852725909
2019-03-03 14:39:37,8.955,-3.009135472065685,0.590034965034965,23.758176255460842
2019-03-03 14:40:23,8.316,0.45420912785897133,2.851835664335664,33.58765618663118
2019-03-03 14:40:23,8.265,0.17032842294711426,2.851835664335664,49.05666349576373
2019-03-03 14:40:24,8.214,-0.5109852688413428,2.7534965034965033,61.68998222248725
2019-03-03 14:40:25,8.187,-0.9084182557179427,2.458479020979021,54.83360299693082
2019-03-03 14:41:26,9.783,3.179463895012799,-2.1634615384615383,25.334721956443584
2019-03-03 14:41:27,9.819,2.9523593310833136,-2.261800699300699,38.1184299715584
2019-03-03 14:41:29,9.843,3.009135472065685,-1.4750874125874125,33.681542929808444
2019-03-03 14:41:31,9.84,3.009135472065685,-0.9833916083916083,40.337524605027276
2019-03-03 14:41:32,9.807,2.611702485189085,-0.9833916083916083,55.37799839814446
2019-03-03 14:41:32,9.828,2.3845979212595996,-1.18006993006993,59.76372824399237
2019-03-03 14:41:33,9.897,2.2142694983124853,-1.18006993006993,61.24991180207004
2019-03-03 14:41:34,9.915000000000001,1.930388793400628,-0.9833916083916083,63.69572365141613
2019-03-03 14:41:35,9.906,1.8168365114358853,-1.18006993006993,76.42568696292409
2019-03-03 14:43:13,9.321,-0.8516421147355712,-3.1468531468531467,231.7351143984192
2019-03-03 14:43:15,9.264,-1.0787466786650568,-2.851835664335664,311.27047737129453
2019-03-03 14:43:16,9.36,-1.1355228196474283,-2.7534965034965033,153.53074428302233
2019-03-03 14:43:17,9.387,-0.9084182557179427,-2.0651223776223775,274.81156785067475
2019-03-03 14:43:21,9.504,-0.965194396700314,-1.2784090909090908,525.5580486528011
2019-03-03 14:43:22,9.519,-0.8516421147355712,-1.0817307692307692,594.9933985980006
2019-03-03 14:43:23,9.546,-0.7380898327708284,-1.0817307692307692,658.8694282197474
2019-03-03 14:43:24,9.522,-0.9084182557179427,-0.7867132867132867,764.7909330625425
2019-03-03 14:43:24,9.519,-1.0787466786650568,-0.19667832167832167,529.2729860129389
2019-03-03 14:43:25,9.522,-1.0787466786650568,-0.2950174825174825,373.27957206584426
2019-03-03 14:43:29,9.6,-1.5329558065240283,0.6883741258741258,321.925731093559
2019-03-03 14:43:30,9.609,-1.0219705376826855,0.49169580419580416,111.48023202708738
2019-03-03 14:43:34,9.606,-2.043941075365371,0.39335664335664333,138.41475654449934
2019-03-03 14:43:35,9.597,-1.930388793400628,1.2784090909090908,627.0817653798051
2019-03-03 14:43:37,9.621,-1.5897319475063996,1.770104895104895,103.94336778330653
2019-03-03 14:43:37,9.624,-1.0219705376826855,1.5734265734265733,325.05156842908275
2019-03-03 14:43:38,9.612,-1.3058512425945425,1.770104895104895,379.0823244339444
2019-03-03 14:43:39,9.591000000000001,-1.3058512425945425,1.5734265734265733,580.2387141151198
2019-03-03 14:43:39,9.552,-1.646508088488771,1.5734265734265733,679.157468807106
2019-03-03 14:43:40,9.552,-2.1007172163477423,1.770104895104895,413.0157989029493
2019-03-03 14:43:50,3.5580000000000003,-1.5329558065240283,1.5734265734265733,475.01060615909944
2019-03-03 14:43:51,3.537,-2.498150203224342,1.3767482517482517,544.6806243741136
2019-03-03 14:43:51,3.5100000000000002,-3.009135472065685,1.4750874125874125,463.15642920642773
2019-03-03 14:44:09,9.588000000000001,-1.0787466786650568,-2.261800699300699,130.47106095258428
2019-03-03 14:44:11,9.582,-0.7380898327708284,-1.18006993006993,128.50533301480482
2019-03-03 14:44:12,9.603,-1.4761796655416568,-1.4750874125874125,252.3076622715038
2019-03-03 14:44:13,9.663,-1.249075101612171,-1.5734265734265733,498.5488749442266
2019-03-03 14:44:16,9.747,-0.7380898327708284,-0.9833916083916083,248.4018883845587
2019-03-03 14:44:16,9.72,-0.5109852688413428,-0.8850524475524475,442.6242747772809
2019-03-03 14:44:17,9.69,-1.0219705376826855,-0.8850524475524475,369.07397200370065
2019-03-03 14:44:24,9.819,-0.681313691788457,0.39335664335664333,305.37773921606316
2019-03-03 14:44:33,9.948,-0.681313691788457,2.0651223776223775,482.815179846576
2019-03-03 14:46:31,6.8580000000000005,-0.2838807049118571,0.19667832167832167,172.066053617554
2019-03-03 14:47:05,4.383,3.2362400359951704,0.2950174825174825,82.83792680829588
2019-03-03 14:47:05,4.374,2.8388070491185706,0.09833916083916083,119.48973868487072
2019-03-03 14:47:06,4.356,1.8168365114358853,-0.2950174825174825,229.58160489952593
2019-03-03 14:47:07,4.344,0.8516421147355712,-0.6883741258741258,323.58448914181025
2019-03-03 14:47:07,4.347,0.2838807049118571,-0.9833916083916083,333.36791536092403
2019-03-03 14:47:08,4.347,0.17032842294711426,-1.18006993006993,314.66219054590556
2019-03-03 14:47:09,4.338,0.22710456392948566,-1.3767482517482517,290.62049775390113
2019-03-03 14:47:10,4.338,0.17032842294711426,-1.5734265734265733,277.89756213044217
2019-03-03 14:47:11,4.347,-0.2838807049118571,-1.6717657342657342,256.8369586686864
2019-03-03 14:47:11,4.347,-0.9084182557179427,-1.770104895104895,224.00833149510333
2019-03-03 14:47:12,4.3260000000000005,-1.7600603704535138,-2.0651223776223775,144.33982726068112
2019-03-03 14:47:38,8.742,2.327821780277228,1.0817307692307692,68.88354339007607
2019-03-03 14:47:39,8.769,2.327821780277228,1.4750874125874125,61.78627757538321
2019-03-03 14:47:39,8.781,2.7820309081361994,2.0651223776223775,27.904501969101517
2019-03-03 14:47:42,8.676,1.4194035245592853,1.18006993006993,82.93936848399917
2019-03-03 14:47:44,8.613,0.965194396700314,1.3767482517482517,84.80414089286414
2019-03-03 14:47:44,8.616,0.6245375508060855,1.18006993006993,139.44468896482252
2019-03-03 14:47:45,8.688,-0.17032842294711426,0.6883741258741258,94.94208513373563
2019-03-03 14:47:46,8.697000000000001,-0.3406568458942285,0.6883741258741258,124.03900584962861
2019-03-03 14:47:47,8.667,-0.3406568458942285,0.7867132867132867,185.86182116753446
2019-03-03 14:47:47,8.595,-0.5109852688413428,0.8850524475524475,330.4587881011904
2019-03-03 14:47:48,8.55,-0.965194396700314,0.7867132867132867,231.71922768297355
2019-03-03 14:47:51,8.544,-2.2710456392948566,0.0,63.78599580039164
2019-03-03 14:47:51,8.532,-2.725254767153828,-0.09833916083916083,183.77962411235228
2019-03-03 14:47:52,8.544,-3.0659116130480566,-0.09833916083916083,188.74736621727547
2019-03-03 14:47:53,8.571,-3.122687754030428,0.09833916083916083,118.83731242530344
2019-03-03 14:47:59,8.142,3.179463895012799,1.2784090909090908,24.274159802149654
2019-03-03 14:48:00,8.112,2.725254767153828,1.18006993006993,34.45667479714448
2019-03-03 14:48:01,8.091,2.3845979212595996,1.0817307692307692,44.07774582833938
2019-03-03 14:48:02,8.085,2.1007172163477423,0.8850524475524475,54.149422088700675
2019-03-03 14:48:03,8.085,1.646508088488771,0.7867132867132867,65.80266507946914
2019-03-03 14:48:03,8.079,1.249075101612171,0.6883741258741258,76.73599901337172
2019-03-03 14:49:50,6.5280000000000005,0.965194396700314,-3.1468531468531467,44.573803834326924
2019-03-03 14:49:51,6.513,0.7380898327708284,-3.048513986013986,45.42205396100245
2019-03-03 14:49:51,6.507000000000001,0.3974329868765999,-3.048513986013986,42.69787850247448
2019-03-03 14:49:52,6.5040000000000004,0.2838807049118571,-2.950174825174825,49.524597054957226
2019-03-03 14:49:53,6.471,0.11355228196474283,-2.7534965034965033,59.216143732424534
2019-03-03 14:49:54,6.441,-0.2838807049118571,-2.7534965034965033,60.8645199419834
2019-03-03 14:49:55,6.453,-0.8516421147355712,-2.851835664335664,48.86885930305308
2019-03-03 14:49:57,6.489,-0.681313691788457,-3.048513986013986,40.05952462216523
2019-03-03 15:04:21,8.643,3.4065684589422847,0.19667832167832167,60.67016002799017
2019-03-03 15:04:22,8.637,2.8388070491185706,-0.2950174825174825,74.94646803611778
2019-03-03 15:04:23,8.652000000000001,2.725254767153828,-0.39335664335664333,67.00694770056847
2019-03-03 15:04:23,8.667,2.611702485189085,-0.39335664335664333,66.5475217709486
2019-03-03 15:04:24,8.667,2.2142694983124853,-0.39335664335664333,80.97114697992347
2019-03-03 15:04:25,8.661,1.7600603704535138,-0.39335664335664333,92.29959774554477
2019-03-03 15:18:16,6.447,2.2710456392948566,1.18006993006993,63.80618061484828
2019-03-03 15:18:18,6.36,1.0219705376826855,1.5734265734265733,96.52254880751853
2019-03-03 15:18:19,6.357,0.6245375508060855,1.5734265734265733,107.66816620171357
2019-03-03 15:18:19,6.384,0.11355228196474283,1.4750874125874125,117.82482458355128
2019-03-03 15:18:20,6.402,-0.11355228196474283,1.4750874125874125,113.40193993594431
2019-03-03 15:18:21,6.381,-0.22710456392948566,1.6717657342657342,104.3747852261903
2019-03-03 15:18:22,6.327,-1.3058512425945425,1.9667832167832167,73.75713758583622
2019-03-03 15:18:23,6.3180000000000005,-2.2142694983124853,1.9667832167832167,48.240267667620486
2019-03-03 15:39:35,9.933,1.1922989606297998,-3.54020979020979,24.97877031617913
2019-03-03 15:39:41,9.948,1.362627383576914,-3.54020979020979,39.71890408594764
2019-03-03 15:39:43,9.843,1.5329558065240283,-3.3435314685314683,54.469548490730915
2019-03-03 15:45:29,9.315,-0.2838807049118571,2.261800699300699,44.86599035099429
2019-03-03 15:48:13,9.786,-2.6684786261714564,-0.19667832167832167,33.541527575330065
2019-03-03 15:48:18,9.741,-3.2362400359951704,-0.2950174825174825,44.186562701642735
2019-03-03 15:48:20,9.738,-3.0659116130480566,-0.19667832167832167,32.365007424204585
2019-03-03 15:49:46,6.198,2.725254767153828,2.458479020979021,236.98976918952897
2019-03-03 15:49:47,6.171,1.9871649343829996,2.458479020979021,384.08391451704176
2019-03-03 15:49:47,6.144,1.1355228196474283,2.36013986013986,411.4762910609748
2019-03-03 15:49:48,6.12,0.2838807049118571,2.1634615384615383,434.2671331378364
2019-03-03 15:49:49,6.096,-0.5677614098237141,1.8684440559440558,506.7438443080765
2019-03-03 15:49:50,6.069,-1.1922989606297998,1.6717657342657342,601.084768714366
2019-03-03 15:49:51,6.057,-1.7600603704535138,1.5734265734265733,642.5096052527055
2019-03-03 15:49:51,6.057,-2.2142694983124853,1.4750874125874125,620.7499950716578
2019-03-03 15:49:52,6.051,-2.611702485189085,1.4750874125874125,481.19060227983323
2019-03-03 15:51:40,8.4,-0.7948659737531998,-1.770104895104895,107.0186932033114
2019-03-03 15:51:41,8.391,-1.4761796655416568,-1.770104895104895,82.51983816639378
2019-03-03 16:04:02,6.183,1.4761796655416568,-3.441870629370629,47.505215864322174
2019-03-03 16:04:49,7.284,-3.122687754030428,0.6883741258741258,39.31986740793813
2019-03-03 16:15:06,5.022,2.554926344206714,2.1634615384615383,88.95114196237458
2019-03-03 16:15:07,5.016,2.1574933573301136,1.9667832167832167,147.8659225178235
2019-03-03 16:15:07,4.995,1.362627383576914,1.6717657342657342,273.5982271969424
2019-03-03 16:15:08,4.956,0.681313691788457,1.5734265734265733,393.8420259997036
2019-03-03 16:15:09,4.92,-0.3406568458942285,1.3767482517482517,479.56779284321885
2019-03-03 16:15:10,4.9110000000000005,-1.4761796655416568,1.0817307692307692,451.41372547614384
2019-03-03 16:15:11,4.917,-2.2142694983124853,0.7867132867132867,352.24850577597863
2019-03-03 16:15:11,4.908,-2.6684786261714564,0.39335664335664333,271.66265239220417
2019-03-03 16:15:12,4.8870000000000005,-3.2362400359951704,0.09833916083916083,178.48832199001964
2019-03-03 16:20:27,6.609,2.8388070491185706,2.458479020979021,169.1497484610428
2019-03-03 16:20:27,6.606,2.611702485189085,2.261800699300699,214.05233247787268
2019-03-03 16:20:28,6.588,2.2142694983124853,1.9667832167832167,315.8502805126179
2019-03-03 16:20:29,6.546,1.5897319475063996,1.6717657342657342,519.849145707799
2019-03-03 16:20:30,6.51,0.7380898327708284,1.3767482517482517,793.2317052954129
2019-03-03 16:20:31,6.486,-0.056776140982371416,0.9833916083916083,939.6543508938219
2019-03-03 16:20:31,6.453,-0.5109852688413428,0.6883741258741258,909.8193643227225
2019-03-03 16:20:32,6.414,-1.0787466786650568,0.590034965034965,663.263332409838
2019-03-03 16:20:35,6.372,-3.5201207409070276,-0.590034965034965,42.7729823256053
2019-03-03 16:24:17,6.648000000000001,-0.7380898327708284,-2.0651223776223775,83.11770739305662
2019-03-03 16:35:01,5.319,0.681313691788457,-2.0651223776223775,121.70709958777145
2019-03-03 16:44:48,9.411,1.7600603704535138,-0.6883741258741258,46.86126577787873
2019-03-03 16:44:48,9.417,1.5329558065240283,-0.6883741258741258,61.209268362315285
2019-03-03 16:44:49,9.441,2.043941075365371,-1.18006993006993,46.503344506217665
2019-03-03 16:46:53,5.577,1.7032842294711423,2.851835664335664,59.54494293859976
2019-03-03 16:46:54,5.559,1.249075101612171,2.5568181818181817,90.56551754394435
2019-03-03 16:46:55,5.523,0.22710456392948566,2.0651223776223775,146.71583767601473
2019-03-03 16:46:55,5.487,-0.7380898327708284,1.770104895104895,166.9408304175399
2019-03-03 16:46:56,5.463,-1.646508088488771,1.4750874125874125,141.48654828678568
2019-03-03 16:46:57,5.448,-2.441374062241971,1.2784090909090908,96.64281919598452
2019-03-03 17:02:17,9.453,-1.8736126524182566,-0.7867132867132867,40.12195015886796
2019-03-03 17:07:34,9.057,-2.9523593310833136,-0.09833916083916083,24.743082558799543
2019-03-03 17:07:35,9.057,-2.725254767153828,-0.2950174825174825,33.418252781386855
2019-03-03 17:07:35,9.063,-2.3845979212595996,0.09833916083916083,47.99907420342133
2019-03-03 17:07:36,9.078,-2.327821780277228,0.09833916083916083,50.946744651572736
2019-03-03 17:07:51,9.087,1.5329558065240283,1.6717657342657342,41.66502299475115
2019-03-03 17:07:51,9.099,1.362627383576914,1.4750874125874125,52.15546832562522
2019-03-03 17:07:52,9.135,1.362627383576914,1.5734265734265733,52.60410570140291
2019-03-03 17:07:53,9.138,1.7032842294711423,1.8684440559440558,41.393209193857665
2019-03-03 17:07:54,9.114,2.043941075365371,2.458479020979021,38.23296934950463
2019-03-03 17:07:55,9.117,2.1574933573301136,2.458479020979021,31.17971599125069
2019-03-03 17:21:19,5.724,3.293016176977542,1.4750874125874125,119.92116102601015
2019-03-03 17:21:20,5.691,2.498150203224342,1.4750874125874125,251.92798031188494
2019-03-03 17:21:21,5.652,1.5897319475063996,1.4750874125874125,380.8225447498064
2019-03-03 17:21:22,5.607,0.5677614098237141,1.2784090909090908,502.32614107086835
2019-03-03 17:21:23,5.574,-0.681313691788457,0.8850524475524475,530.4998194893948
2019-03-03 17:21:23,5.55,-1.7032842294711423,0.39335664335664333,499.34791366937276
2019-03-03 17:21:24,5.523,-2.725254767153828,0.09833916083916083,343.0163065201609
2019-03-03 17:22:51,5.799,2.1574933573301136,-2.5568181818181817,237.08339584883248
2019-03-03 17:22:52,5.772,1.249075101612171,-2.7534965034965033,434.0189275898281
2019-03-03 17:22:53,5.742,0.3974329868765999,-2.950174825174825,258.19954577122735
2019-03-03 17:22:54,5.721,-0.3406568458942285,-3.3435314685314683,150.45913519090055
2019-03-03 17:28:50,9.15,-2.498150203224342,2.7534965034965033,24.80173541451677
2019-03-03 17:28:51,9.132,-2.327821780277228,2.851835664335664,42.75268264745266
2019-03-03 17:28:51,9.120000000000001,-2.2142694983124853,2.950174825174825,32.03914029379003
2019-03-03 17:28:52,9.153,-2.1007172163477423,3.048513986013986,61.10004324506101
2019-03-03 17:36:50,9.519,0.5677614098237141,-2.0651223776223775,55.569100813222
2019-03-03 17:39:48,9.546,2.1007172163477423,-2.5568181818181817,40.71726660048598
2019-03-03 17:43:07,6.015000000000001,2.8388070491185706,0.0,77.9623491550076
2019-03-03 17:43:08,5.973,2.1007172163477423,-0.09833916083916083,205.75879949352515
2019-03-03 17:43:09,5.925,1.4194035245592853,-0.19667832167832167,297.5940978397286
2019-03-03 17:43:10,5.8950000000000005,0.6245375508060855,-0.590034965034965,294.8427578394816
2019-03-03 17:43:11,5.889,-0.11355228196474283,-0.9833916083916083,358.79534260779246
2019-03-03 17:43:11,5.8740000000000006,-0.6245375508060855,-1.2784090909090908,368.3346650129359
2019-03-03 17:43:13,5.766,-2.327821780277228,-1.2784090909090908,89.47544286703395
2019-03-03 17:43:53,4.44,3.4633445999246564,-0.39335664335664333,144.31527948618364
2019-03-03 17:43:55,4.314,1.3058512425945425,-1.3767482517482517,281.11993731535335
2019-03-03 17:43:55,4.293,0.681313691788457,-1.6717657342657342,498.58407124231417
2019-03-03 17:44:42,9.471,-0.5109852688413428,2.0651223776223775,45.854346693525606
2019-03-03 17:44:43,9.456,0.17032842294711426,1.8684440559440558,49.55800542291787
2019-03-03 17:45:53,7.968,2.1574933573301136,3.048513986013986,77.39883652482294
2019-03-03 17:45:54,7.971,1.9871649343829996,2.851835664335664,104.5843557321559
2019-03-03 17:45:55,7.947,1.9871649343829996,2.5568181818181817,125.47206167928773
2019-03-03 17:45:55,7.923,1.8736126524182566,2.261800699300699,153.67205260372137
2019-03-03 17:45:56,7.923,1.7032842294711423,2.0651223776223775,160.23035843252148
2019-03-03 17:45:57,7.9110000000000005,1.5897319475063996,2.36013986013986,116.64615446090387
2019-03-03 17:45:58,7.881,1.3058512425945425,2.458479020979021,92.61292719593447
2019-03-03 17:45:59,7.8660000000000005,1.0219705376826855,2.36013986013986,74.9539618449556
2019-03-03 17:46:06,7.737,-1.0219705376826855,0.7867132867132867,83.54363338748958
2019-03-03 17:46:07,7.74,-1.1922989606297998,0.590034965034965,100.30754685558553
2019-03-03 17:46:07,7.755,-1.362627383576914,0.39335664335664333,106.33620975990694
2019-03-03 17:46:08,7.755,-1.249075101612171,0.590034965034965,123.99295766513004
2019-03-03 17:46:09,7.731,-1.1922989606297998,0.590034965034965,152.215263268278
2019-03-03 17:46:10,7.713,-1.1922989606297998,0.49169580419580416,136.28250051201658
2019-03-03 17:46:17,7.5120000000000005,-3.009135472065685,-0.8850524475524475,29.29256975350542
2019-03-03 17:46:18,7.53,-3.0659116130480566,-1.0817307692307692,34.10621287667339
2019-03-03 17:46:33,8.94,-1.7600603704535138,0.8850524475524475,48.374705800371515
2019-03-03 17:51:29,6.276,1.3058512425945425,2.851835664335664,46.035412060621105
2019-03-03 17:51:30,6.267,0.965194396700314,2.5568181818181817,63.32603777694336
2019-03-03 17:51:31,6.255,0.45420912785897133,2.1634615384615383,90.07000516730666
2019-03-03 17:51:31,6.2250000000000005,0.11355228196474283,2.261800699300699,95.5173745694546
2019-03-03 17:51:32,6.18,-0.5109852688413428,2.458479020979021,82.86779140135768
2019-03-03 17:51:33,6.15,-1.362627383576914,2.5568181818181817,60.868113591762636
2019-03-03 18:12:36,2.8890000000000002,3.3497923179599134,0.6883741258741258,210.47419961217642
2019-03-03 18:12:37,2.895,2.725254767153828,0.6883741258741258,269.93111670005317
2019-03-03 18:12:38,2.895,2.327821780277228,0.9833916083916083,353.0089156526746
2019-03-03 18:12:39,2.8770000000000002,0.7380898327708284,0.2950174825174825,740.7703399159797
2019-03-03 18:12:39,2.862,-1.0219705376826855,-0.7867132867132867,657.142260143424
2019-03-03 18:12:40,2.853,-2.498150203224342,-1.6717657342657342,262.41739676330343
2019-03-03 18:12:54,2.847,2.6684786261714564,1.6717657342657342,266.8968462115017
2019-03-03 18:13:04,2.892,-1.5329558065240283,2.7534965034965033,239.19806051504588
2019-03-03 18:13:05,2.8890000000000002,-1.3058512425945425,2.458479020979021,309.4459561502898
2019-03-03 18:13:05,2.883,-0.681313691788457,2.5568181818181817,406.8101135515633
2019-03-03 18:13:06,2.862,-0.7948659737531998,1.770104895104895,453.3846782743284
2019-03-03 18:13:07,2.838,-1.1355228196474283,1.2784090909090908,691.4859086103426
2019-03-03 18:13:36,3.744,3.122687754030428,0.9833916083916083,118.28967121529226
2019-03-03 18:13:37,3.7110000000000003,1.5329558065240283,0.39335664335664333,341.2908248189144
2019-03-03 18:13:38,3.678,-0.681313691788457,-0.2950174825174825,778.5863847286715
2019-03-03 18:13:39,3.666,-2.725254767153828,-0.9833916083916083,156.43190388405517
2019-03-03 18:13:50,2.745,-0.45420912785897133,3.1468531468531467,227.16242904597956
2019-03-03 18:14:48,2.2680000000000002,1.4761796655416568,0.6883741258741258,895.8907333319703
2019-03-03 18:14:49,2.2680000000000002,1.4194035245592853,0.9833916083916083,831.5516372663008
2019-03-03 18:14:50,2.262,0.7948659737531998,0.9833916083916083,950.6880867141
2019-03-03 18:14:57,2.358,3.2362400359951704,-0.6883741258741258,325.93343093759233
2019-03-03 18:14:58,2.3850000000000002,3.0659116130480566,-0.09833916083916083,398.6718503427186
2019-03-03 18:14:59,2.4,2.554926344206714,-0.39335664335664333,584.2786662667235
2019-03-03 18:14:59,2.424,2.327821780277228,-0.49169580419580416,718.9946127258482
2019-03-03 18:15:00,2.418,0.5677614098237141,-1.4750874125874125,1008.0743832583822
2019-03-03 18:15:35,9.69,-3.4065684589422847,0.9833916083916083,20.043234318296008
2019-03-03 18:15:37,9.762,-2.725254767153828,1.4750874125874125,33.67916808054409
2019-03-03 18:15:37,9.771,-2.611702485189085,1.6717657342657342,33.72873381798922
2019-03-03 18:15:38,9.768,-1.930388793400628,1.8684440559440558,39.2345699377096
2019-03-03 18:15:39,9.774000000000001,-1.4194035245592853,2.261800699300699,47.94686378368002
2019-03-03 18:15:39,9.78,-1.1922989606297998,2.36013986013986,52.53334204481326
2019-03-03 18:15:40,9.771,-1.362627383576914,2.5568181818181817,39.587738851852585
2019-03-03 18:15:41,9.783,-1.249075101612171,2.5568181818181817,38.96824015711172
2019-03-03 18:15:42,9.81,-0.9084182557179427,2.6551573426573425,43.36726747706332
2019-03-03 18:15:43,9.81,-0.3974329868765999,2.950174825174825,42.05257609973024
2019-03-03 18:15:43,9.801,-0.17032842294711426,3.048513986013986,42.25377283632528
2019-03-03 18:15:44,9.819,0.11355228196474283,3.2451923076923075,38.47370758899393
2019-03-03 18:15:45,9.852,0.5109852688413428,3.2451923076923075,41.055699491526454
2019-03-03 18:15:46,9.879,0.8516421147355712,3.441870629370629,28.376784467915268
2019-03-03 18:16:09,7.545,1.249075101612171,3.54020979020979,260.3077323633401
2019-03-03 18:16:10,7.539000000000001,1.1355228196474283,3.441870629370629,294.8188016818301
2019-03-03 18:16:11,7.488,0.7948659737531998,3.2451923076923075,67.8047829962122
2019-03-03 18:16:11,7.455,0.3974329868765999,3.441870629370629,1214.883264451963
2019-03-03 18:16:12,7.425,-0.056776140982371416,3.2451923076923075,594.2149017577748
2019-03-03 18:16:13,7.416,-0.3406568458942285,3.3435314685314683,228.65592675211252
2019-03-03 18:16:14,7.407,-0.681313691788457,3.048513986013986,325.0992053445348
2019-03-03 18:16:15,7.416,-0.965194396700314,2.851835664335664,469.6337235786874
2019-03-03 18:16:15,7.4190000000000005,-1.0787466786650568,2.7534965034965033,634.7450458662234
2019-03-03 18:16:16,7.38,-1.4194035245592853,2.7534965034965033,957.0352571402133
2019-03-03 18:16:17,7.356,-2.043941075365371,2.5568181818181817,1016.9368951813399
2019-03-03 18:16:18,7.344,-2.611702485189085,2.36013986013986,1349.1158084695935
2019-03-03 18:16:56,9.120000000000001,0.22710456392948566,-2.6551573426573425,31.37319091543797
2019-03-03 18:16:57,9.156,0.6245375508060855,-2.851835664335664,32.13241103996318
2019-03-03 18:16:58,9.168000000000001,1.249075101612171,-2.6551573426573425,36.94653400395157
2019-03-03 18:16:59,9.135,1.5329558065240283,-2.1634615384615383,43.495001238273026
2019-03-03 18:16:59,9.108,1.3058512425945425,-1.770104895104895,53.76797806780123
2019-03-03 18:17:56,2.142,2.1574933573301136,-2.6551573426573425,442.2753724551759
2019-03-03 18:18:09,2.646,1.5329558065240283,-2.0651223776223775,375.45480960499
2019-03-03 18:18:13,2.688,-1.1922989606297998,-1.9667832167832167,421.5025002724152
2019-03-03 18:19:07,4.338,3.4633445999246564,1.5734265734265733,121.1624549762285
2019-03-03 18:19:08,4.284,1.930388793400628,1.0817307692307692,623.5968382593588
2019-03-03 18:19:09,4.23,0.11355228196474283,0.49169580419580416,1188.7033569636951
2019-03-03 18:19:10,4.2,-1.8168365114358853,-0.19667832167832167,983.118721108259
2019-03-03 18:20:52,5.748,3.3497923179599134,0.09833916083916083,114.18329032109735
2019-03-03 18:20:52,5.742,2.7820309081361994,-0.09833916083916083,193.19500042319174
2019-03-03 18:20:53,5.739,1.646508088488771,-0.49169580419580416,295.2073741991535
2019-03-03 18:20:54,5.7330000000000005,0.8516421147355712,-0.8850524475524475,380.68284041063555
2019-03-03 18:20:55,5.7090000000000005,0.17032842294711426,-1.0817307692307692,515.5735123562142
2019-03-03 18:20:55,5.676,-0.6245375508060855,-1.18006993006993,610.525250434899
2019-03-03 18:20:56,5.652,-1.7032842294711423,-1.2784090909090908,518.0484188919377
2019-03-03 18:20:57,5.634,-2.725254767153828,-1.4750874125874125,297.65581039292886
2019-03-03 18:22:03,3.432,2.3845979212595996,2.1634615384615383,176.9713227316891
2019-03-03 18:25:24,5.013,0.9084182557179427,-1.8684440559440558,220.7116932231093
2019-03-03 18:25:24,4.998,0.45420912785897133,-1.9667832167832167,297.21670433771595
2019-03-03 18:25:25,4.965,-0.681313691788457,-2.0651223776223775,303.5982993716986
2019-03-03 18:26:05,6.441,3.122687754030428,-1.5734265734265733,56.76695030112989
2019-03-03 18:26:06,6.444,2.6684786261714564,-1.770104895104895,87.0364449213955
2019-03-03 18:26:07,6.42,2.1574933573301136,-1.770104895104895,119.15197365047753
2019-03-03 18:26:07,6.375,1.4194035245592853,-2.0651223776223775,158.88966459791826
2019-03-03 18:26:08,6.351,0.3406568458942285,-2.458479020979021,159.21231179977337
2019-03-03 18:26:09,6.3420000000000005,-0.6245375508060855,-2.851835664335664,111.9677271390766
2019-03-03 18:26:40,4.755,0.3974329868765999,2.7534965034965033,135.58674295310306
2019-03-03 18:26:40,4.746,-0.056776140982371416,2.5568181818181817,276.03469863213377
2019-03-03 18:26:41,4.71,-0.8516421147355712,2.1634615384615383,654.5472081583466
2019-03-03 18:26:42,4.659,-2.043941075365371,1.8684440559440558,517.1270778203162
2019-03-03 18:35:00,6.855,1.3058512425945425,2.458479020979021,79.69704767116585
2019-03-03 18:35:04,6.855,-0.5677614098237141,2.1634615384615383,79.8160205902765
2019-03-03 18:35:04,6.852,-0.7948659737531998,2.0651223776223775,98.9939762777056
2019-03-03 18:37:18,4.539,3.122687754030428,-0.7867132867132867,104.19049836376571
2019-03-03 18:37:19,4.521,2.6684786261714564,-0.9833916083916083,149.32494352380954
2019-03-03 18:37:19,4.485,1.646508088488771,-1.4750874125874125,242.10844719619698
2019-03-03 18:37:20,4.455,0.45420912785897133,-2.0651223776223775,251.99222955850254
2019-03-03 18:37:21,4.422,-0.8516421147355712,-2.6551573426573425,162.08444700430366
2019-03-03 18:46:55,6.663,-0.7948659737531998,-0.8850524475524475,219.9052724076619
2019-03-03 18:54:23,9.276,-3.122687754030428,0.6883741258741258,31.857228393447574
2019-03-03 18:54:23,9.294,-2.8955831901009423,0.8850524475524475,28.826673508642216
2019-03-03 18:54:24,9.315,-2.7820309081361994,0.9833916083916083,32.028641913894475
2019-03-03 18:54:25,9.309000000000001,-2.441374062241971,1.18006993006993,36.15625758043107
2019-03-03 18:54:26,9.294,-2.043941075365371,0.8850524475524475,44.80815388821313
2019-03-03 18:54:27,9.255,-1.5897319475063996,1.0817307692307692,64.51559049298609
2019-03-03 18:54:32,9.255,-1.249075101612171,1.5734265734265733,62.725211426411725
2019-03-03 18:54:32,9.258000000000001,-1.362627383576914,1.5734265734265733,63.90778526455304
2019-03-03 18:54:33,9.249,-1.249075101612171,1.770104895104895,58.94145211421615
2019-03-03 18:54:34,9.255,-1.0787466786650568,1.6717657342657342,67.79328560957659
2019-03-03 18:54:42,9.081,0.5109852688413428,2.1634615384615383,57.239300198566326
2019-03-03 18:54:43,9.084,-0.11355228196474283,1.770104895104895,129.28497823682673
2019-03-03 18:54:43,9.177,0.0,1.3767482517482517,113.53525649270544
2019-03-03 18:54:44,9.18,0.6245375508060855,1.6717657342657342,69.54334957114345
2019-03-03 18:54:46,9.141,0.45420912785897133,1.18006993006993,89.21744471025987
2019-03-03 18:54:51,9.18,0.8516421147355712,1.18006993006993,69.11528824202574
2019-03-03 18:54:52,9.099,0.965194396700314,0.9833916083916083,94.21009247672878
2019-03-03 18:54:53,9.132,0.8516421147355712,0.7867132867132867,117.56317979790362
2019-03-03 18:55:18,8.988,1.1922989606297998,0.39335664335664333,79.83992122909898
2019-03-03 18:55:28,8.952,1.1355228196474283,0.8850524475524475,90.43934724895482
2019-03-03 18:55:29,8.961,0.9084182557179427,0.7867132867132867,117.28352426149193
2019-03-03 18:55:30,8.988,0.7948659737531998,0.7867132867132867,112.99659023803649
2019-03-03 18:55:31,8.997,1.1355228196474283,0.8850524475524475,102.35000720793288
2019-03-03 18:55:36,8.922,0.3974329868765999,1.18006993006993,62.2097510186295
2019-03-03 18:55:37,8.955,0.2838807049118571,1.2784090909090908,70.13735409584787
2019-03-03 18:55:38,8.955,0.3406568458942285,1.3767482517482517,79.25639726829922
2019-03-03 18:55:39,8.946,0.3974329868765999,1.4750874125874125,78.73141275510142
2019-03-03 18:55:39,8.898,0.5109852688413428,1.6717657342657342,72.26861929368529
2019-03-03 18:55:45,8.907,-0.45420912785897133,1.770104895104895,76.80135966054728
2019-03-03 18:55:46,8.829,-0.3974329868765999,1.8684440559440558,83.73287470135786
2019-03-03 18:55:47,8.784,-0.9084182557179427,1.8684440559440558,102.2266553564712
2019-03-03 18:55:47,8.82,-0.965194396700314,1.6717657342657342,120.38359089314979
2019-03-03 18:55:48,8.847,-0.7380898327708284,1.9667832167832167,115.0727595358513
2019-03-03 18:55:49,8.817,-0.2838807049118571,2.36013986013986,107.60001397827419
2019-03-03 18:55:50,8.775,-0.3974329868765999,2.458479020979021,113.56856137142574
2019-03-03 18:55:51,8.781,-0.965194396700314,2.261800699300699,119.46380346278352
2019-03-03 18:55:51,8.82,-1.4194035245592853,2.0651223776223775,84.95647212619416
2019-03-03 18:55:52,8.841,-1.5897319475063996,1.8684440559440558,65.71813403408919
2019-03-03 18:55:53,8.82,-1.7032842294711423,1.770104895104895,75.68287428956816
2019-03-03 18:56:00,8.721,-2.441374062241971,2.0651223776223775,31.00379876690094
2019-03-03 18:56:00,8.715,-2.441374062241971,2.261800699300699,31.14069592675747
2019-03-03 18:59:23,9.63,-0.11355228196474283,2.7534965034965033,24.50377498003999
2019-03-03 18:59:23,9.618,0.056776140982371416,2.7534965034965033,28.734820871453323
2019-03-03 18:59:24,9.615,-0.17032842294711426,2.950174825174825,37.77985074805064
2019-03-03 18:59:25,9.681000000000001,-0.6245375508060855,2.7534965034965033,43.56442693192254
