Time,Depth
2019-03-03 14:43:27,5.646
2019-03-03 14:45:27,9.336
2019-03-03 14:45:29,9.315
2019-03-03 14:45:29,9.33
2019-03-03 14:48:12,9.786
2019-03-03 14:48:18,9.741
2019-03-03 14:49:04,12.489
2019-03-03 14:49:08,12.615
2019-03-03 14:49:32,10.17
2019-03-03 14:49:35,10.263
2019-03-03 14:49:38,10.245000000000001
2019-03-03 14:49:38,10.245000000000001
2019-03-03 14:49:46,6.198
2019-03-03 14:49:46,10.269
2019-03-03 14:49:46,6.186
2019-03-03 14:49:47,6.156
2019-03-03 14:49:48,6.132000000000001
2019-03-03 14:49:49,6.1080000000000005
2019-03-03 14:49:49,6.081
2019-03-03 14:49:50,6.0600000000000005
2019-03-03 14:49:51,6.057
2019-03-03 14:49:52,6.057
2019-03-03 14:49:53,6.039
2019-03-03 14:51:26,1.059
2019-03-03 14:51:39,10.233
2019-03-03 14:51:40,8.412
2019-03-03 14:51:41,8.391
2019-03-03 14:52:18,10.668000000000001
2019-03-03 14:52:29,1.02
2019-03-03 14:52:29,1.02
2019-03-03 14:52:30,1.0170000000000001
2019-03-03 14:52:31,1.0230000000000001
2019-03-03 14:52:34,1.0230000000000001
2019-03-03 14:52:35,1.014
2019-03-03 14:52:36,1.002
2019-03-03 14:53:08,1.044
2019-03-03 14:53:09,1.035
2019-03-03 14:53:41,1.035
2019-03-03 14:53:42,1.044
2019-03-03 14:53:43,1.032
2019-03-03 14:59:45,11.055
2019-03-03 14:59:46,11.205
2019-03-03 14:59:47,11.265
2019-03-03 14:59:49,11.061
2019-03-03 14:59:50,11.325000000000001
2019-03-03 14:59:51,11.4
2019-03-03 14:59:52,11.436
2019-03-03 14:59:53,11.502
2019-03-03 14:59:55,11.592
2019-03-03 14:59:57,11.583
2019-03-03 14:59:57,11.682
2019-03-03 15:00:55,11.394
2019-03-03 15:00:56,11.352
2019-03-03 15:00:57,11.289
2019-03-03 15:00:58,11.34
2019-03-03 15:00:59,11.409
2019-03-03 15:01:00,11.376
2019-03-03 15:01:01,11.328
2019-03-03 15:01:01,11.373000000000001
2019-03-03 15:01:02,11.442
2019-03-03 15:01:03,11.436
2019-03-03 15:01:04,11.412
2019-03-03 15:01:05,11.43
2019-03-03 15:01:05,11.409
2019-03-03 15:01:46,10.488
2019-03-03 15:01:47,10.44
2019-03-03 15:01:48,10.38
2019-03-03 15:01:49,10.374
2019-03-03 15:01:49,10.434000000000001
2019-03-03 15:01:50,10.503
2019-03-03 15:01:51,10.509
2019-03-03 15:01:52,10.476
2019-03-03 15:01:53,10.473
2019-03-03 15:01:53,10.464
2019-03-03 15:01:54,10.425
2019-03-03 15:01:56,10.389
2019-03-03 15:01:57,10.359
2019-03-03 15:01:57,10.389
2019-03-03 15:01:58,10.455
2019-03-03 15:01:59,10.464
2019-03-03 15:02:09,12.477
2019-03-03 15:02:09,12.519
2019-03-03 15:02:10,12.501
2019-03-03 15:02:11,12.465
2019-03-03 15:02:12,12.450000000000001
2019-03-03 15:02:14,12.339
2019-03-03 15:02:14,12.384
2019-03-03 15:14:40,12.216000000000001
2019-03-03 15:15:06,5.022
2019-03-03 15:15:07,5.007
2019-03-03 15:15:08,4.977
2019-03-03 15:15:09,4.9350000000000005
2019-03-03 15:15:09,4.9110000000000005
2019-03-03 15:15:10,4.914
2019-03-03 15:15:11,4.914
2019-03-03 15:15:12,4.896
2019-03-03 15:18:43,11.037
2019-03-03 15:20:27,6.609
2019-03-03 15:20:28,6.6000000000000005
2019-03-03 15:20:29,6.57
2019-03-03 15:20:29,6.525
2019-03-03 15:20:30,6.498
2019-03-03 15:20:31,6.471
2019-03-03 15:20:32,6.4350000000000005
2019-03-03 15:20:33,6.396
2019-03-03 15:22:09,0.615
2019-03-03 15:24:14,6.657
2019-03-03 15:25:26,1.065
2019-03-03 15:25:27,1.041
2019-03-03 15:25:28,1.029
2019-03-03 15:25:29,1.0110000000000001
2019-03-03 15:25:29,0.996
2019-03-03 15:25:30,0.96
2019-03-03 15:25:35,0.882
2019-03-03 15:25:39,0.921
2019-03-03 15:25:41,0.9420000000000001
2019-03-03 15:26:05,0.858
2019-03-03 15:26:06,0.867
2019-03-03 15:26:07,0.873
2019-03-03 15:26:08,0.873
2019-03-03 15:26:09,0.873
2019-03-03 15:26:09,0.867
2019-03-03 15:27:15,0.606
2019-03-03 15:33:47,8.097
2019-03-03 15:35:01,10.581
2019-03-03 15:41:33,10.944
2019-03-03 15:41:37,11.037
2019-03-03 15:41:37,11.058
2019-03-03 15:41:38,11.001
2019-03-03 15:41:39,10.938
2019-03-03 15:41:40,10.977
2019-03-03 15:41:41,11.01
2019-03-03 15:41:41,10.98
2019-03-03 15:41:42,10.947000000000001
2019-03-03 15:41:43,10.995000000000001
2019-03-03 15:41:46,11.046
2019-03-03 15:41:47,11.121
2019-03-03 15:41:48,11.103
2019-03-03 15:41:49,11.058
2019-03-03 15:41:49,11.073
2019-03-03 15:41:50,11.109
2019-03-03 15:41:51,11.127
2019-03-03 15:41:52,11.148
2019-03-03 15:43:31,12.099
2019-03-03 15:44:48,9.411
2019-03-03 15:44:49,9.426
2019-03-03 15:44:49,9.456
2019-03-03 15:45:27,10.752
2019-03-03 15:45:28,10.749
2019-03-03 15:45:29,10.674
2019-03-03 15:45:29,10.695
2019-03-03 15:45:30,10.788
2019-03-03 15:45:31,10.824
2019-03-03 15:45:32,10.803
2019-03-03 15:45:33,10.764
2019-03-03 15:45:33,10.752
2019-03-03 15:45:34,10.767
2019-03-03 15:45:35,10.773
2019-03-03 15:45:36,10.788
2019-03-03 15:45:37,10.818
2019-03-03 15:45:37,10.815
2019-03-03 15:45:38,10.809000000000001
2019-03-03 15:45:39,10.866
2019-03-03 15:45:40,10.905
2019-03-03 15:45:41,10.824
2019-03-03 15:45:41,10.764
2019-03-03 15:46:53,5.577
2019-03-03 15:46:54,5.541
2019-03-03 15:46:55,5.505
2019-03-03 15:46:56,5.472
2019-03-03 15:46:57,5.454
2019-03-03 15:46:57,5.439
2019-03-03 15:46:59,11.271
2019-03-03 15:47:00,11.283
2019-03-03 15:47:01,11.334
2019-03-03 15:48:51,0.657
2019-03-03 15:49:11,0.6960000000000001
2019-03-03 15:52:27,10.443
2019-03-03 15:53:47,11.352
2019-03-03 15:53:48,11.322000000000001
2019-03-03 15:53:49,11.295
2019-03-03 15:53:49,11.364
2019-03-03 15:53:50,11.436
2019-03-03 15:53:51,11.403
2019-03-03 15:53:52,11.373000000000001
2019-03-03 15:53:53,11.355
2019-03-03 15:53:53,11.352
2019-03-03 15:53:54,11.349
2019-03-03 15:53:55,11.361
2019-03-03 15:53:56,11.412
2019-03-03 15:53:57,11.424
2019-03-03 15:53:57,11.385
2019-03-03 15:53:58,11.388
2019-03-03 15:53:59,11.43
2019-03-03 15:54:00,11.424
2019-03-03 15:54:01,11.409
2019-03-03 15:54:22,0.891
2019-03-03 15:54:22,0.882
2019-03-03 15:54:26,0.783
2019-03-03 15:54:27,0.768
2019-03-03 15:54:28,0.756
2019-03-03 15:54:31,11.76
2019-03-03 15:54:31,11.814
2019-03-03 15:54:32,11.856
2019-03-03 15:54:33,12.165000000000001
2019-03-03 15:54:33,0.753
2019-03-03 15:54:33,11.757
2019-03-03 15:54:33,12.093
2019-03-03 15:54:34,11.769
2019-03-03 15:54:35,11.841000000000001
2019-03-03 15:54:36,11.88
2019-03-03 15:54:37,11.883000000000001
2019-03-03 15:54:37,11.826
2019-03-03 15:54:38,11.82
2019-03-03 15:54:39,11.889000000000001
2019-03-03 15:54:40,11.913
2019-03-03 15:54:41,11.886000000000001
2019-03-03 15:54:41,11.916
2019-03-03 15:55:24,0.579
2019-03-03 15:55:57,10.329
2019-03-03 15:56:56,10.989
2019-03-03 15:56:57,11.037
2019-03-03 15:56:57,11.067
2019-03-03 15:56:58,10.998000000000001
2019-03-03 15:56:59,10.938
2019-03-03 15:57:00,10.962
2019-03-03 15:57:01,11.016
2019-03-03 15:57:01,11.028
2019-03-03 15:57:02,11.01
2019-03-03 15:57:03,10.995000000000001
2019-03-03 15:57:04,11.016
2019-03-03 15:57:05,11.040000000000001
2019-03-03 15:57:05,11.007
2019-03-03 15:57:06,11.007
2019-03-03 15:57:07,11.043000000000001
2019-03-03 15:57:08,11.064
2019-03-03 15:57:09,11.055
2019-03-03 15:57:09,11.049
2019-03-03 15:57:11,11.1
2019-03-03 15:57:12,0.606
2019-03-03 15:57:13,0.615
2019-03-03 15:57:14,0.618
2019-03-03 15:57:14,0.612
2019-03-03 15:57:15,0.606
2019-03-03 15:57:16,0.6
2019-03-03 15:57:17,0.603
2019-03-03 15:57:53,11.502
2019-03-03 15:57:53,11.523
2019-03-03 15:57:55,11.523
2019-03-03 15:58:00,11.589
2019-03-03 15:58:07,10.632
2019-03-03 15:58:32,10.149000000000001
2019-03-03 15:58:33,10.137
2019-03-03 15:58:35,10.158
2019-03-03 15:58:36,10.188
2019-03-03 15:58:37,10.182
2019-03-03 15:58:38,10.107000000000001
2019-03-03 15:58:39,10.155
2019-03-03 15:58:43,10.239
2019-03-03 15:58:46,10.212
2019-03-03 15:59:43,11.694
2019-03-03 15:59:43,11.700000000000001
2019-03-03 15:59:44,11.706
2019-03-03 15:59:45,11.748000000000001
2019-03-03 15:59:46,11.781
2019-03-03 16:02:27,10.971
2019-03-03 16:02:27,10.935
2019-03-03 16:02:28,10.881
2019-03-03 16:02:29,10.902000000000001
2019-03-03 16:02:29,10.935
2019-03-03 16:02:30,10.917
2019-03-03 16:02:31,10.950000000000001
2019-03-03 16:03:14,11.181000000000001
2019-03-03 16:03:40,10.002
2019-03-03 16:03:41,10.05
2019-03-03 16:03:41,10.077
2019-03-03 16:03:42,10.086
2019-03-03 16:03:43,10.137
2019-03-03 16:03:44,10.173
2019-03-03 16:03:45,10.137
2019-03-03 16:03:45,10.11
2019-03-03 16:03:46,10.179
2019-03-03 16:03:47,10.281
2019-03-03 16:03:48,10.284
2019-03-03 16:03:49,10.194
2019-03-03 16:03:49,10.194
2019-03-03 16:03:59,10.845
2019-03-03 16:04:00,10.863
2019-03-03 16:04:01,10.875
2019-03-03 16:04:01,10.836
2019-03-03 16:04:02,10.86
2019-03-03 16:04:03,10.956
2019-03-03 16:04:04,11.004
2019-03-03 16:04:05,11.016
2019-03-03 16:04:05,11.028
2019-03-03 16:04:06,11.022
2019-03-03 16:04:07,11.058
2019-03-03 16:05:25,12.051
2019-03-03 16:05:27,12.105
2019-03-03 16:06:37,10.623000000000001
2019-03-03 16:07:11,11.226
2019-03-03 16:07:12,11.241
2019-03-03 16:07:13,11.292
2019-03-03 16:07:17,11.517
2019-03-03 16:07:19,11.442
2019-03-03 16:07:19,11.469
2019-03-03 16:07:20,11.499
2019-03-03 16:07:21,11.508000000000001
2019-03-03 16:07:21,11.526
2019-03-03 16:07:22,11.568
2019-03-03 16:07:23,11.61
2019-03-03 16:07:24,11.616
2019-03-03 16:07:25,11.655
2019-03-03 16:07:26,11.64
2019-03-03 16:07:33,9.066
2019-03-03 16:07:34,9.057
2019-03-03 16:07:35,9.06
2019-03-03 16:07:36,9.069
2019-03-03 16:07:37,9.09
2019-03-03 16:07:37,12.153
2019-03-03 16:07:51,9.087
2019-03-03 16:07:52,9.117
2019-03-03 16:07:53,9.144
2019-03-03 16:07:53,9.126
2019-03-03 16:07:54,9.111
2019-03-03 16:07:55,9.132
2019-03-03 16:14:52,10.554
2019-03-03 16:14:53,10.56
2019-03-03 16:14:53,10.557
2019-03-03 16:15:35,12.33
2019-03-03 16:15:51,11.469
2019-03-03 16:15:52,11.598
2019-03-03 16:15:55,11.547
2019-03-03 16:19:37,11.451
2019-03-03 16:19:37,11.478
2019-03-03 16:20:33,10.773
2019-03-03 16:20:34,10.74
2019-03-03 16:20:35,10.788
2019-03-03 16:20:36,10.833
2019-03-03 16:20:37,10.827
2019-03-03 16:20:37,10.773
2019-03-03 16:20:38,10.734
2019-03-03 16:20:39,10.767
2019-03-03 16:20:40,10.854000000000001
2019-03-03 16:20:41,10.905
2019-03-03 16:20:41,10.866
2019-03-03 16:20:42,10.821
2019-03-03 16:21:19,5.724
2019-03-03 16:21:20,5.7090000000000005
2019-03-03 16:21:21,5.673
2019-03-03 16:21:21,5.628
2019-03-03 16:21:22,5.589
2019-03-03 16:21:23,5.562
2019-03-03 16:21:24,5.538
2019-03-03 16:22:31,12.501
2019-03-03 16:22:51,5.799
2019-03-03 16:22:52,5.787
2019-03-03 16:22:53,5.757000000000001
2019-03-03 16:22:53,5.7330000000000005
2019-03-03 16:22:54,5.712
2019-03-03 16:24:00,10.725
2019-03-03 16:25:59,10.359
2019-03-03 16:25:59,10.338000000000001
2019-03-03 16:26:00,10.32
2019-03-03 16:26:01,10.347
2019-03-03 16:26:01,10.371
2019-03-03 16:26:02,10.359
2019-03-03 16:26:03,10.356
2019-03-03 16:26:04,10.365
2019-03-03 16:26:05,10.377
2019-03-03 16:26:05,10.434000000000001
2019-03-03 16:28:50,9.15
2019-03-03 16:28:51,9.120000000000001
2019-03-03 16:28:52,9.132
2019-03-03 16:28:53,9.18
2019-03-03 16:36:47,9.444
2019-03-03 16:36:50,9.519
2019-03-03 16:39:10,10.809000000000001
2019-03-03 16:39:11,10.851
2019-03-03 16:39:12,10.836
2019-03-03 16:39:13,10.842
2019-03-03 16:39:13,10.887
2019-03-03 16:39:14,10.923
2019-03-03 16:39:15,10.863
2019-03-03 16:39:16,10.818
2019-03-03 16:39:17,10.914
2019-03-03 16:39:17,11.034
2019-03-03 16:39:20,10.992
2019-03-03 16:39:34,10.917
2019-03-03 16:39:35,11.028
2019-03-03 16:39:37,11.043000000000001
2019-03-03 16:39:37,10.998000000000001
2019-03-03 16:39:38,11.001
2019-03-03 16:39:40,11.103
2019-03-03 16:39:47,9.534
2019-03-03 16:39:48,9.546
2019-03-03 16:43:07,6.015000000000001
2019-03-03 16:43:08,5.994
2019-03-03 16:43:09,5.949
2019-03-03 16:43:09,5.907
2019-03-03 16:43:10,5.889
2019-03-03 16:43:11,5.883
2019-03-03 16:43:13,5.766
2019-03-03 16:43:53,4.44
2019-03-03 16:43:55,4.314
2019-03-03 16:43:56,4.2780000000000005
2019-03-03 16:44:05,11.997
2019-03-03 16:44:06,11.937
2019-03-03 16:44:07,11.958
2019-03-03 16:44:08,12.09
2019-03-03 16:44:09,12.093
2019-03-03 16:44:10,12.042
2019-03-03 16:44:10,12.045
2019-03-03 16:44:11,12.063
2019-03-03 16:44:13,12.186
2019-03-03 16:44:14,12.159
2019-03-03 16:45:53,7.968
2019-03-03 16:45:53,7.974
2019-03-03 16:45:54,7.962
2019-03-03 16:45:55,7.932
2019-03-03 16:45:56,7.923
2019-03-03 16:45:57,7.92
2019-03-03 16:45:57,7.896
2019-03-03 16:45:58,7.869
2019-03-03 16:45:59,7.8660000000000005
2019-03-03 16:46:06,7.737
2019-03-03 16:46:07,7.7490000000000006
2019-03-03 16:46:08,7.758
2019-03-03 16:46:09,7.743
2019-03-03 16:46:09,7.722
2019-03-03 16:46:10,7.704
2019-03-03 16:46:17,7.5120000000000005
2019-03-03 16:46:57,10.713000000000001
2019-03-03 16:47:09,10.53
2019-03-03 16:48:12,10.464
2019-03-03 16:49:33,9.93
2019-03-03 16:49:47,11.781
2019-03-03 16:50:35,9.747
2019-03-03 16:51:29,6.276
2019-03-03 16:51:30,6.261
2019-03-03 16:51:31,6.243
2019-03-03 16:51:32,6.204
2019-03-03 16:51:33,6.162
2019-03-03 07:07:58,11.814
2019-03-03 07:10:41,8.757
2019-03-03 07:10:42,8.766
2019-03-03 07:11:20,10.254
2019-03-03 07:28:24,10.647
2019-03-03 07:28:25,10.689
2019-03-03 07:28:26,10.749
2019-03-03 07:28:27,10.749
2019-03-03 07:28:27,10.725
2019-03-03 07:28:28,10.743
2019-03-03 07:35:40,10.632
2019-03-03 07:35:40,10.623000000000001
2019-03-03 07:35:41,10.644
2019-03-03 07:35:42,10.656
2019-03-03 07:35:43,10.644
2019-03-03 07:35:43,10.647
2019-03-03 07:35:44,10.674
2019-03-03 07:35:45,10.707
2019-03-03 07:35:46,10.752
2019-03-03 07:35:47,10.806000000000001
2019-03-03 07:46:29,11.025
2019-03-03 07:46:30,11.049
2019-03-03 07:46:31,11.043000000000001
2019-03-03 07:46:31,11.079
2019-03-03 07:46:32,11.142
2019-03-03 07:46:33,11.157
2019-03-03 07:46:34,11.151
2019-03-03 07:46:35,11.16
2019-03-03 07:46:35,11.163
2019-03-03 07:46:36,11.199
2019-03-03 07:46:37,11.274000000000001
2019-03-03 07:46:38,11.319
2019-03-03 07:46:39,11.379
2019-03-03 08:01:49,11.829
2019-03-03 08:01:50,11.703
2019-03-03 08:01:53,11.889000000000001
2019-03-03 08:01:54,11.868
2019-03-03 08:01:56,11.973
2019-03-03 08:17:58,11.589
2019-03-03 08:17:59,11.574
2019-03-03 08:17:59,11.568
2019-03-03 08:18:00,11.619
2019-03-03 08:18:01,11.685
2019-03-03 08:18:02,11.679
2019-03-03 08:18:03,11.721
2019-03-03 08:18:03,11.721
2019-03-03 08:18:04,11.721
2019-03-03 08:18:06,11.823
2019-03-03 08:18:07,11.772
2019-03-03 08:18:08,11.859
2019-03-03 08:18:10,11.955
2019-03-03 08:50:45,0.633
2019-03-03 08:50:45,0.633
2019-03-03 08:51:57,1.068
2019-03-03 08:51:57,1.059
2019-03-03 08:52:06,0.714
2019-03-03 08:52:07,0.6990000000000001
2019-03-03 08:54:14,0.9450000000000001
2019-03-03 08:54:15,0.9420000000000001
2019-03-03 08:54:18,1.173
2019-03-03 08:54:19,1.173
2019-03-03 08:54:19,1.179
2019-03-03 08:54:34,0.666
2019-03-03 08:54:35,0.663
2019-03-03 08:54:35,1.302
2019-03-03 08:54:35,0.663
2019-03-03 08:54:35,1.284
2019-03-03 08:54:36,1.2750000000000001
2019-03-03 08:54:37,0.663
2019-03-03 08:54:37,1.266
2019-03-03 08:54:43,1.002
2019-03-03 08:54:45,1.056
2019-03-03 08:54:46,1.062
2019-03-03 08:54:49,1.155
2019-03-03 08:54:52,1.074
2019-03-03 08:54:53,1.068
2019-03-03 08:54:54,0.783
2019-03-03 08:54:54,1.068
2019-03-03 08:54:55,0.777
2019-03-03 08:54:55,1.068
2019-03-03 08:54:55,1.071
2019-03-03 08:54:56,1.074
2019-03-03 08:54:59,0.975
2019-03-03 08:54:59,0.981
2019-03-03 08:55:00,0.99
2019-03-03 08:55:01,0.996
2019-03-03 08:55:02,1.008
2019-03-03 08:56:58,13.68
2019-03-03 08:57:49,0.753
2019-03-03 08:57:50,0.75
2019-03-03 08:57:51,0.738
2019-03-03 08:57:51,0.729
2019-03-03 08:57:52,0.9390000000000001
2019-03-03 08:58:19,0.855
2019-03-03 08:58:19,0.852
2019-03-03 08:58:20,0.849
2019-03-03 08:58:21,1.077
2019-03-03 08:58:22,1.086
2019-03-03 08:58:23,1.101
2019-03-03 08:58:25,0.876
2019-03-03 08:58:25,0.888
2019-03-03 08:58:26,0.891
2019-03-03 09:00:15,1.191
2019-03-03 09:00:15,1.191
2019-03-03 09:00:16,1.185
2019-03-03 09:00:17,1.185
2019-03-03 09:00:18,1.185
2019-03-03 09:00:19,1.197
2019-03-03 09:00:20,1.077
2019-03-03 09:00:21,1.071
2019-03-03 09:00:21,1.074
2019-03-03 09:00:22,1.071
2019-03-03 09:00:47,1.242
2019-03-03 09:00:47,1.23
2019-03-03 09:00:48,1.212
2019-03-03 09:01:15,1.455
2019-03-03 09:01:15,0.747
2019-03-03 09:01:15,1.443
2019-03-03 09:01:16,1.437
2019-03-03 09:01:17,1.437
2019-03-03 09:01:45,1.431
2019-03-03 09:01:45,1.437
2019-03-03 09:01:46,1.452
2019-03-03 09:01:47,1.47
2019-03-03 09:01:47,1.479
2019-03-03 09:01:59,1.473
2019-03-03 09:02:00,1.476
2019-03-03 09:02:01,1.482
2019-03-03 09:02:02,1.2
2019-03-03 09:02:02,1.482
2019-03-03 09:02:03,1.206
2019-03-03 09:02:03,1.464
2019-03-03 09:02:03,1.218
2019-03-03 09:02:03,1.449
2019-03-03 09:02:19,0.9420000000000001
2019-03-03 09:02:19,0.9450000000000001
2019-03-03 09:02:20,0.9480000000000001
2019-03-03 09:02:52,1.104
2019-03-03 09:02:52,1.101
2019-03-03 09:02:53,1.101
2019-03-03 09:02:54,1.116
2019-03-03 09:02:57,1.08
2019-03-03 09:02:57,1.074
2019-03-03 09:02:58,1.068
2019-03-03 09:03:07,0.9540000000000001
2019-03-03 09:03:08,0.9540000000000001
2019-03-03 09:03:09,0.963
2019-03-03 09:03:10,0.9570000000000001
2019-03-03 09:03:11,0.9540000000000001
2019-03-03 09:03:12,0.9540000000000001
2019-03-03 09:03:13,0.927
2019-03-03 09:03:32,1.0050000000000001
2019-03-03 09:03:33,1.0110000000000001
2019-03-03 09:03:34,1.008
2019-03-03 09:06:15,0.885
2019-03-03 09:06:16,0.894
2019-03-03 09:12:23,0.657
2019-03-03 09:15:01,0.633
2019-03-03 09:15:09,0.666
2019-03-03 09:15:09,0.666
2019-03-03 09:15:10,0.66
2019-03-03 09:15:11,0.666
2019-03-03 09:15:11,0.666
2019-03-03 09:17:52,0.585
2019-03-03 09:17:53,0.594
2019-03-03 09:45:56,12.06
2019-03-03 09:59:09,11.415000000000001
2019-03-03 09:59:12,11.439
2019-03-03 09:59:16,11.34
2019-03-03 09:59:19,11.355
2019-03-03 09:59:19,11.325000000000001
2019-03-03 09:59:22,11.241
2019-03-03 09:59:23,11.241
2019-03-03 09:59:27,11.196
2019-03-03 09:59:41,10.965
2019-03-03 10:02:43,8.493
2019-03-03 10:02:43,8.484
2019-03-03 10:02:44,8.439
2019-03-03 10:02:45,8.385
2019-03-03 10:02:46,8.364
2019-03-03 10:02:47,8.364
2019-03-03 10:02:47,8.358
2019-03-03 10:02:48,8.346
2019-03-03 10:02:49,8.313
2019-03-03 10:02:52,8.193
2019-03-03 10:46:27,1.095
2019-03-03 10:46:27,1.095
2019-03-03 10:46:28,1.092
2019-03-03 10:48:32,0.771
2019-03-03 10:48:35,0.711
2019-03-03 10:48:35,0.717
2019-03-03 10:48:36,0.723
2019-03-03 10:48:37,0.735
2019-03-03 10:48:53,1.074
2019-03-03 10:48:53,1.074
2019-03-03 10:48:54,1.074
2019-03-03 10:48:55,1.074
2019-03-03 10:49:03,1.065
2019-03-03 10:49:04,1.062
2019-03-03 10:49:05,1.062
2019-03-03 10:49:06,1.059
2019-03-03 10:49:09,1.071
2019-03-03 10:50:56,0.846
2019-03-03 10:50:56,0.852
2019-03-03 10:51:04,1.167
2019-03-03 10:51:05,1.182
2019-03-03 10:51:06,1.191
2019-03-03 10:51:07,1.197
2019-03-03 10:51:31,0.894
2019-03-03 10:51:31,0.882
2019-03-03 10:51:32,0.87
2019-03-03 10:51:33,0.867
2019-03-03 10:51:34,0.867
2019-03-03 10:51:35,0.855
2019-03-03 10:51:46,0.732
2019-03-03 10:51:47,0.729
2019-03-03 10:51:47,0.726
2019-03-03 10:51:48,0.726
2019-03-03 10:52:01,0.9450000000000001
2019-03-03 10:52:01,0.9450000000000001
2019-03-03 10:52:02,0.9390000000000001
2019-03-03 10:52:31,1.065
2019-03-03 10:52:32,1.062
2019-03-03 10:52:33,1.056
2019-03-03 10:52:34,1.08
2019-03-03 10:52:35,1.095
2019-03-03 10:52:48,11.325000000000001
2019-03-03 10:53:14,11.235
2019-03-03 10:53:15,11.265
2019-03-03 10:53:16,11.256
2019-03-03 10:53:17,11.286
2019-03-03 10:53:18,11.325000000000001
2019-03-03 10:53:19,11.286
2019-03-03 10:53:19,11.199
2019-03-03 10:53:20,11.181000000000001
2019-03-03 10:53:21,11.301
2019-03-03 10:53:23,11.235
2019-03-03 10:53:23,11.22
2019-03-03 10:53:25,11.274000000000001
2019-03-03 10:53:26,11.211
2019-03-03 10:53:27,11.22
2019-03-03 10:53:27,11.301
2019-03-03 10:53:29,11.214
2019-03-03 10:53:30,11.151
2019-03-03 10:53:31,11.199
2019-03-03 10:53:31,11.256
2019-03-03 10:53:32,11.247
2019-03-03 10:53:49,11.163
2019-03-03 10:53:49,11.088000000000001
2019-03-03 10:53:50,11.091000000000001
2019-03-03 10:53:51,11.253
2019-03-03 10:53:53,11.175
2019-03-03 10:53:53,11.142
2019-03-03 10:53:54,11.13
2019-03-03 10:54:00,11.097
2019-03-03 10:54:01,11.124
2019-03-03 10:54:01,11.868
2019-03-03 10:54:06,1.197
2019-03-03 10:54:07,11.952
2019-03-03 10:54:08,11.058
2019-03-03 10:54:09,11.865
2019-03-03 10:54:10,1.272
2019-03-03 10:54:10,11.937
2019-03-03 10:54:11,1.2630000000000001
2019-03-03 10:54:11,12.024000000000001
2019-03-03 10:54:11,1.26
2019-03-03 10:54:11,11.07
2019-03-03 10:54:12,1.2570000000000001
2019-03-03 10:54:12,11.052
2019-03-03 10:54:15,11.007
2019-03-03 10:54:15,10.962
2019-03-03 10:54:16,10.965
2019-03-03 10:54:17,11.064
2019-03-03 10:54:18,11.091000000000001
2019-03-03 10:54:19,11.055
2019-03-03 10:54:19,11.040000000000001
2019-03-03 10:54:20,11.001
2019-03-03 10:54:21,10.965
2019-03-03 10:54:22,10.962
2019-03-03 10:54:23,10.974
2019-03-03 10:54:23,11.013
2019-03-03 10:54:25,0.849
2019-03-03 10:54:26,0.849
2019-03-03 10:54:26,10.977
2019-03-03 10:54:27,0.837
2019-03-03 10:54:27,10.950000000000001
2019-03-03 10:54:27,10.953
2019-03-03 10:54:28,10.938
2019-03-03 11:04:09,5.625
2019-03-03 11:04:10,5.622
2019-03-03 11:04:13,5.628
2019-03-03 11:04:29,0.843
2019-03-03 11:04:29,0.8310000000000001
2019-03-03 11:04:30,0.8220000000000001
2019-03-03 11:04:44,0.528
2019-03-03 11:04:44,0.528
2019-03-03 11:04:45,0.534
2019-03-03 11:04:46,0.537
2019-03-03 11:12:38,0.681
2019-03-03 11:12:39,0.681
2019-03-03 11:12:40,0.684
2019-03-03 11:12:40,0.687
2019-03-03 11:12:41,0.687
2019-03-03 11:12:49,0.837
2019-03-03 11:12:50,0.843
2019-03-03 11:12:51,0.843
2019-03-03 11:12:51,0.84
2019-03-03 11:12:52,0.843
2019-03-03 11:23:17,0.675
2019-03-03 11:23:24,0.852
2019-03-03 11:23:24,0.852
2019-03-03 11:25:08,1.008
2019-03-03 11:25:08,1.008
2019-03-03 11:25:09,0.714
2019-03-03 11:25:09,1.0050000000000001
2019-03-03 11:25:10,0.708
2019-03-03 11:25:10,0.996
2019-03-03 11:25:57,1.332
2019-03-03 11:25:58,1.332
2019-03-03 11:25:59,1.329
2019-03-03 11:25:59,1.335
2019-03-03 11:26:00,1.353
2019-03-03 11:29:17,0.963
2019-03-03 11:29:17,0.963
2019-03-03 11:29:18,0.963
2019-03-03 11:29:44,1.167
2019-03-03 11:29:45,1.17
2019-03-03 11:29:46,1.173
2019-03-03 11:29:47,1.176
2019-03-03 11:29:48,1.173
2019-03-03 11:29:49,1.17
2019-03-03 11:29:50,1.167
2019-03-03 11:29:51,1.164
2019-03-03 11:29:59,1.218
2019-03-03 11:30:00,1.221
2019-03-03 11:30:01,0.684
2019-03-03 11:30:03,1.203
2019-03-03 11:30:04,1.179
2019-03-03 11:30:15,1.194
2019-03-03 11:30:15,1.2
2019-03-03 11:30:16,1.203
2019-03-03 11:30:17,1.209
2019-03-03 11:34:28,0.783
2019-03-03 11:34:29,0.777
2019-03-03 11:34:30,0.765
2019-03-03 11:34:31,0.744
2019-03-03 11:34:31,0.732
2019-03-03 11:34:53,0.984
2019-03-03 11:34:54,0.975
2019-03-03 11:34:55,0.969
2019-03-03 11:36:07,0.981
2019-03-03 11:36:07,0.981
2019-03-03 11:36:08,0.981
2019-03-03 11:36:09,1.338
2019-03-03 11:36:10,1.335
2019-03-03 11:36:11,1.329
2019-03-03 11:36:11,1.32
2019-03-03 11:36:12,1.308
2019-03-03 11:36:13,1.296
2019-03-03 11:36:14,1.284
2019-03-03 11:36:23,1.317
2019-03-03 11:36:23,1.314
2019-03-03 11:36:24,1.314
2019-03-03 11:36:27,1.776
2019-03-03 11:36:27,1.32
2019-03-03 11:36:28,1.32
2019-03-03 11:36:29,1.812
2019-03-03 11:36:30,0.882
2019-03-03 11:36:30,1.818
2019-03-03 11:36:31,1.821
2019-03-03 11:36:31,1.335
2019-03-03 11:36:31,1.824
2019-03-03 11:36:32,1.335
2019-03-03 11:36:33,1.845
2019-03-03 11:36:34,1.851
2019-03-03 11:36:35,1.851
2019-03-03 11:36:35,1.851
2019-03-03 11:36:39,0.621
2019-03-03 11:36:40,0.621
2019-03-03 11:36:41,2.094
2019-03-03 11:36:42,2.1
2019-03-03 11:36:43,2.103
2019-03-03 11:36:43,1.3800000000000001
2019-03-03 11:36:43,2.115
2019-03-03 11:36:44,1.365
2019-03-03 11:36:44,2.1270000000000002
2019-03-03 11:36:45,1.353
2019-03-03 11:36:45,2.1270000000000002
2019-03-03 11:36:46,2.124
2019-03-03 11:36:50,1.272
2019-03-03 11:36:51,1.2630000000000001
2019-03-03 11:36:51,1.254
2019-03-03 11:36:54,1.254
2019-03-03 11:36:55,1.2570000000000001
2019-03-03 11:36:55,1.278
2019-03-03 11:36:56,1.29
2019-03-03 11:36:57,1.287
2019-03-03 11:37:01,10.809000000000001
2019-03-03 11:37:10,1.542
2019-03-03 11:37:27,1.629
2019-03-03 11:37:28,1.62
2019-03-03 11:37:29,1.614
2019-03-03 11:37:30,1.614
2019-03-03 11:37:31,1.614
2019-03-03 11:37:31,1.614
2019-03-03 11:37:39,2.013
2019-03-03 11:37:39,1.449
2019-03-03 11:37:39,1.983
2019-03-03 11:37:40,1.962
2019-03-03 11:37:41,1.956
2019-03-03 11:37:42,1.959
2019-03-03 11:37:43,1.959
2019-03-03 11:37:43,1.962
2019-03-03 11:37:44,1.959
2019-03-03 11:37:45,1.956
2019-03-03 11:37:59,1.569
2019-03-03 11:37:59,1.557
2019-03-03 11:38:00,1.545
2019-03-03 11:38:05,1.419
2019-03-03 11:38:06,1.407
2019-03-03 11:38:07,1.395
2019-03-03 11:38:07,1.3920000000000001
2019-03-03 11:38:08,1.377
2019-03-03 11:38:09,1.368
2019-03-03 11:38:33,1.539
2019-03-03 11:38:34,0.963
2019-03-03 11:38:34,1.545
2019-03-03 11:38:35,0.9570000000000001
2019-03-03 11:38:35,1.545
2019-03-03 11:38:35,0.9570000000000001
2019-03-03 11:38:35,1.572
2019-03-03 11:38:36,0.9480000000000001
2019-03-03 11:38:36,1.578
2019-03-03 11:38:37,0.9510000000000001
2019-03-03 11:38:37,1.599
2019-03-03 11:38:38,0.9480000000000001
2019-03-03 11:38:39,1.062
2019-03-03 11:38:39,1.068
2019-03-03 11:38:39,1.47
2019-03-03 11:38:40,1.074
2019-03-03 11:38:40,1.641
2019-03-03 11:38:41,1.491
2019-03-03 11:38:42,1.5030000000000001
2019-03-03 11:38:43,1.5330000000000001
2019-03-03 11:38:43,1.476
2019-03-03 11:38:50,0.897
2019-03-03 11:39:21,0.8310000000000001
2019-03-03 11:39:41,1.059
2019-03-03 11:39:42,1.068
2019-03-03 11:39:48,1.188
2019-03-03 11:39:49,1.203
2019-03-03 11:40:08,1.428
2019-03-03 11:40:09,1.446
2019-03-03 11:40:10,1.458
2019-03-03 11:40:11,1.464
2019-03-03 11:40:11,1.467
2019-03-03 11:40:17,1.6320000000000001
2019-03-03 11:40:18,1.6380000000000001
2019-03-03 11:40:19,1.6500000000000001
2019-03-03 11:40:19,1.653
2019-03-03 11:40:20,1.6500000000000001
2019-03-03 11:40:21,1.629
2019-03-03 11:52:52,1.122
2019-03-03 11:52:53,1.125
2019-03-03 11:52:54,1.122
2019-03-03 11:52:55,1.119
2019-03-03 11:52:55,1.122
2019-03-03 11:52:56,1.149
2019-03-03 11:53:06,1.3800000000000001
2019-03-03 11:53:18,1.413
2019-03-03 11:53:19,1.407
2019-03-03 11:53:19,1.3980000000000001
2019-03-03 11:53:20,1.407
2019-03-03 11:53:21,1.416
2019-03-03 11:53:27,1.389
2019-03-03 11:53:27,1.3860000000000001
2019-03-03 11:53:28,1.062
2019-03-03 11:53:28,1.389
2019-03-03 11:53:29,1.053
2019-03-03 11:53:29,1.3920000000000001
2019-03-03 11:53:30,1.047
2019-03-03 11:53:30,1.389
2019-03-03 11:53:31,1.044
2019-03-03 11:53:31,1.041
2019-03-03 11:53:32,1.041
2019-03-03 11:53:33,1.053
2019-03-03 11:53:34,1.05
2019-03-03 11:53:35,1.047
2019-03-03 11:53:35,0.603
2019-03-03 11:53:35,1.056
2019-03-03 11:53:36,0.603
2019-03-03 11:53:36,1.059
2019-03-03 11:53:37,0.591
2019-03-03 11:53:37,1.059
2019-03-03 11:53:38,1.065
2019-03-03 11:53:39,1.068
2019-03-03 11:53:39,1.071
2019-03-03 11:53:40,1.068
2019-03-03 11:54:14,1.2570000000000001
2019-03-03 11:54:15,1.266
2019-03-03 11:54:15,1.266
2019-03-03 11:54:16,1.2630000000000001
2019-03-03 11:54:17,1.254
2019-03-03 11:54:26,1.143
2019-03-03 11:54:28,1.296
2019-03-03 11:54:28,1.296
2019-03-03 11:54:29,1.29
2019-03-03 11:54:30,1.281
2019-03-03 11:54:31,1.2750000000000001
2019-03-03 11:54:31,1.272
2019-03-03 11:54:32,1.2690000000000001
2019-03-03 11:54:33,1.266
2019-03-03 11:54:34,1.26
2019-03-03 11:54:50,1.707
2019-03-03 11:54:51,1.707
2019-03-03 11:54:51,1.71
2019-03-03 11:54:52,1.719
2019-03-03 11:54:53,1.725
2019-03-03 11:55:09,1.782
2019-03-03 11:55:10,1.7730000000000001
2019-03-03 11:55:11,1.7670000000000001
2019-03-03 11:55:11,1.764
2019-03-03 11:55:12,1.7610000000000001
2019-03-03 11:55:17,1.071
2019-03-03 11:55:33,0.618
2019-03-03 11:56:07,0.723
2019-03-03 11:56:07,0.723
2019-03-03 11:56:08,0.726
2019-03-03 12:14:53,1.677
2019-03-03 12:14:54,1.671
2019-03-03 12:14:55,1.35
2019-03-03 12:14:55,1.665
2019-03-03 12:14:55,1.353
2019-03-03 12:14:55,1.665
2019-03-03 12:14:56,1.356
2019-03-03 12:14:57,1.356
2019-03-03 12:14:58,1.356
2019-03-03 12:14:59,1.359
2019-03-03 12:14:59,1.347
2019-03-03 12:15:00,1.344
2019-03-03 12:15:01,1.347
2019-03-03 12:15:02,1.35
2019-03-03 12:15:03,1.35
2019-03-03 12:15:03,0.756
2019-03-03 12:15:03,1.35
2019-03-03 12:15:04,0.768
2019-03-03 12:15:05,0.777
2019-03-03 12:15:06,0.777
2019-03-03 12:15:23,1.7790000000000001
2019-03-03 12:15:23,1.7850000000000001
2019-03-03 12:15:24,1.782
2019-03-03 12:15:25,1.7850000000000001
2019-03-03 12:15:26,1.7910000000000001
2019-03-03 12:15:27,1.8
2019-03-03 12:15:27,1.8
2019-03-03 12:15:28,1.8
2019-03-03 12:15:29,1.7850000000000001
2019-03-03 12:15:30,1.782
2019-03-03 12:15:31,1.941
2019-03-03 12:15:31,1.953
2019-03-03 12:15:32,1.965
2019-03-03 12:15:33,1.776
2019-03-03 12:15:34,1.7730000000000001
2019-03-03 12:15:35,1.7670000000000001
2019-03-03 12:15:51,1.173
2019-03-03 12:15:51,1.173
2019-03-03 12:15:52,1.179
2019-03-03 12:15:53,1.182
2019-03-03 12:15:54,1.173
2019-03-03 12:15:55,1.155
2019-03-03 12:15:55,1.137
2019-03-03 12:16:20,0.801
2019-03-03 12:16:21,0.807
2019-03-03 12:16:22,0.81
2019-03-03 12:16:22,1.332
2019-03-03 12:16:25,1.374
2019-03-03 12:16:26,1.371
2019-03-03 12:16:27,1.359
2019-03-03 12:16:27,1.188
2019-03-03 12:16:28,1.35
2019-03-03 12:16:29,1.191
2019-03-03 12:16:30,1.197
2019-03-03 12:16:31,1.209
2019-03-03 12:16:31,1.212
2019-03-03 12:16:32,2.301
2019-03-03 12:16:33,2.2920000000000003
2019-03-03 12:16:34,2.2920000000000003
2019-03-03 12:16:35,2.307
2019-03-03 12:16:35,2.322
2019-03-03 12:16:36,2.334
2019-03-03 12:16:37,2.346
2019-03-03 12:16:38,1.446
2019-03-03 12:16:38,2.364
2019-03-03 12:16:39,1.458
2019-03-03 12:16:39,2.373
2019-03-03 12:16:39,1.461
2019-03-03 12:16:39,2.376
2019-03-03 12:16:40,1.464
2019-03-03 12:16:41,1.473
2019-03-03 12:16:42,1.476
2019-03-03 12:16:43,1.482
2019-03-03 12:16:43,1.482
2019-03-03 12:16:57,1.806
2019-03-03 12:16:58,1.803
2019-03-03 12:16:59,1.617
2019-03-03 12:16:59,1.6260000000000001
2019-03-03 12:17:00,1.6380000000000001
2019-03-03 12:17:01,1.6440000000000001
2019-03-03 12:17:02,1.6440000000000001
2019-03-03 12:17:03,1.815
2019-03-03 12:17:03,1.809
2019-03-03 12:17:04,1.809
2019-03-03 12:17:05,1.812
2019-03-03 12:17:06,1.818
2019-03-03 12:17:07,1.815
2019-03-03 12:17:07,1.812
2019-03-03 12:17:08,1.809
2019-03-03 12:17:09,1.032
2019-03-03 12:17:09,1.812
2019-03-03 12:17:10,1.032
2019-03-03 12:17:10,1.815
2019-03-03 12:17:11,1.035
2019-03-03 12:17:11,1.815
2019-03-03 12:17:11,1.032
2019-03-03 12:17:11,1.815
2019-03-03 12:17:12,1.809
2019-03-03 12:17:13,1.8
2019-03-03 12:17:14,1.8
2019-03-03 12:17:15,1.803
2019-03-03 12:17:15,1.803
2019-03-03 12:17:16,1.797
2019-03-03 12:17:17,1.7910000000000001
2019-03-03 12:17:19,1.401
2019-03-03 12:17:19,1.3980000000000001
2019-03-03 12:17:20,1.395
2019-03-03 12:17:21,1.395
2019-03-03 12:17:22,1.395
2019-03-03 12:17:23,1.3980000000000001
2019-03-03 12:17:28,2.154
2019-03-03 12:17:31,2.148
2019-03-03 12:17:31,1.296
2019-03-03 12:17:31,2.1510000000000002
2019-03-03 12:17:32,1.284
2019-03-03 12:17:32,1.683
2019-03-03 12:17:32,2.154
2019-03-03 12:17:33,1.278
2019-03-03 12:17:33,1.683
2019-03-03 12:17:33,2.154
2019-03-03 12:17:34,1.2690000000000001
2019-03-03 12:17:34,1.683
2019-03-03 12:17:34,2.172
2019-03-03 12:17:35,1.266
2019-03-03 12:17:35,1.686
2019-03-03 12:17:35,2.184
2019-03-03 12:17:35,1.2630000000000001
2019-03-03 12:17:35,1.686
2019-03-03 12:17:35,2.193
2019-03-03 12:17:36,1.686
2019-03-03 12:17:47,1.974
2019-03-03 12:17:48,1.968
2019-03-03 12:17:49,1.974
2019-03-03 12:17:50,1.983
2019-03-03 12:17:51,1.986
2019-03-03 12:17:51,2.202
2019-03-03 12:17:51,1.992
2019-03-03 12:17:51,2.199
2019-03-03 12:17:52,2.199
2019-03-03 12:17:54,2.214
2019-03-03 12:17:55,2.217
2019-03-03 12:17:55,2.22
2019-03-03 12:17:56,1.302
2019-03-03 12:17:56,2.226
2019-03-03 12:17:57,1.305
2019-03-03 12:17:57,2.22
2019-03-03 12:17:58,1.311
2019-03-03 12:17:58,2.217
2019-03-03 12:17:59,1.32
2019-03-03 12:17:59,2.208
2019-03-03 12:17:59,1.32
2019-03-03 12:17:59,2.202
2019-03-03 12:18:00,2.202
2019-03-03 12:18:01,2.214
2019-03-03 12:18:02,2.226
2019-03-03 12:18:05,1.212
2019-03-03 12:18:07,2.31
2019-03-03 12:18:07,2.313
2019-03-03 12:18:18,1.863
2019-03-03 12:18:19,1.866
2019-03-03 12:18:19,1.869
2019-03-03 12:18:20,1.872
2019-03-03 12:18:21,1.869
2019-03-03 12:18:24,2.067
2019-03-03 12:18:24,2.061
2019-03-03 12:18:25,2.055
2019-03-03 12:18:26,2.058
2019-03-03 12:18:27,1.845
2019-03-03 12:18:27,2.061
2019-03-03 12:18:27,1.839
2019-03-03 12:18:27,2.064
2019-03-03 12:18:28,1.815
2019-03-03 12:18:28,2.043
2019-03-03 12:18:29,1.803
2019-03-03 12:18:29,2.031
2019-03-03 12:18:30,1.797
2019-03-03 12:18:31,2.037
2019-03-03 12:18:31,2.04
2019-03-03 12:18:32,2.04
2019-03-03 12:18:35,2.238
2019-03-03 12:18:35,2.241
2019-03-03 12:18:36,2.217
2019-03-03 12:18:37,2.202
2019-03-03 12:18:38,2.199
2019-03-03 12:18:39,2.199
2019-03-03 12:18:39,2.199
2019-03-03 12:18:40,2.085
2019-03-03 12:19:03,1.887
2019-03-03 12:19:05,2.1390000000000002
2019-03-03 12:19:06,2.124
2019-03-03 12:19:07,2.115
2019-03-03 12:19:07,2.112
2019-03-03 12:19:08,2.091
2019-03-03 12:19:09,2.079
2019-03-03 12:19:10,2.073
2019-03-03 12:19:11,2.073
2019-03-03 12:19:12,1.452
2019-03-03 12:19:12,1.455
2019-03-03 12:19:12,2.019
2019-03-03 12:19:13,1.461
2019-03-03 12:19:13,2.0100000000000002
2019-03-03 12:19:14,1.461
2019-03-03 12:19:14,1.989
2019-03-03 12:19:15,1.458
2019-03-03 12:19:15,1.461
2019-03-03 12:19:42,1.617
2019-03-03 12:19:52,1.512
2019-03-03 12:19:52,1.5150000000000001
2019-03-03 12:19:53,1.512
2019-03-03 12:19:54,1.5
2019-03-03 12:19:55,1.5
2019-03-03 12:19:55,1.5030000000000001
2019-03-03 12:19:56,0.774
2019-03-03 12:19:57,0.774
2019-03-03 12:19:58,0.774
2019-03-03 12:19:59,0.777
2019-03-03 12:19:59,0.78
2019-03-03 12:20:00,0.78
2019-03-03 12:20:03,0.804
2019-03-03 12:20:03,0.81
2019-03-03 12:20:13,1.209
2019-03-03 12:20:14,1.206
2019-03-03 12:20:15,1.206
2019-03-03 12:20:25,1.563
2019-03-03 12:20:26,1.569
2019-03-03 12:20:27,1.572
2019-03-03 12:20:27,1.566
2019-03-03 12:20:28,1.557
2019-03-03 12:20:29,1.554
2019-03-03 12:20:30,1.557
2019-03-03 12:20:31,1.56
2019-03-03 12:20:31,1.557
2019-03-03 12:20:32,1.551
2019-03-03 12:21:13,1.824
2019-03-03 12:21:17,1.8840000000000001
2019-03-03 12:21:22,1.941
2019-03-03 12:21:23,1.938
2019-03-03 12:21:27,1.695
2019-03-03 12:21:27,1.713
2019-03-03 12:21:28,1.716
2019-03-03 12:21:29,1.722
2019-03-03 12:21:30,1.734
2019-03-03 12:21:31,1.743
2019-03-03 12:21:31,1.74
2019-03-03 12:21:48,1.095
2019-03-03 12:21:55,0.906
2019-03-03 12:21:55,0.909
2019-03-03 12:22:09,2.1750000000000003
2019-03-03 12:22:10,2.178
2019-03-03 12:22:11,2.178
2019-03-03 12:22:11,2.172
2019-03-03 12:22:12,2.16
2019-03-03 12:22:14,1.971
2019-03-03 12:22:15,1.941
2019-03-03 12:22:15,1.8900000000000001
2019-03-03 12:22:21,0.729
2019-03-03 12:23:17,1.227
2019-03-03 12:23:18,1.221
2019-03-03 12:23:19,1.209
2019-03-03 12:23:19,1.194
2019-03-03 12:23:20,1.185
2019-03-03 12:23:21,1.179
2019-03-03 12:23:22,1.167
2019-03-03 12:23:26,1.158
2019-03-03 12:24:16,13.818
2019-03-03 12:24:34,1.137
2019-03-03 12:24:35,1.1400000000000001
2019-03-03 12:24:35,1.143
2019-03-03 12:24:36,1.143
2019-03-03 12:24:46,0.597
2019-03-03 12:25:12,1.281
2019-03-03 12:25:12,1.272
2019-03-03 12:25:13,1.26
2019-03-03 12:25:14,1.2570000000000001
2019-03-03 12:25:15,1.266
2019-03-03 12:25:16,1.2510000000000001
2019-03-03 12:25:23,0.771
2019-03-03 12:25:27,0.771
2019-03-03 12:31:36,1.5090000000000001
2019-03-03 12:31:37,1.5030000000000001
2019-03-03 12:31:41,1.887
2019-03-03 12:31:41,1.8840000000000001
2019-03-03 12:31:42,1.881
2019-03-03 12:31:43,1.872
2019-03-03 12:31:43,1.86
2019-03-03 12:31:44,1.845
2019-03-03 12:31:45,1.845
2019-03-03 12:31:46,1.854
2019-03-03 12:31:47,1.86
2019-03-03 12:31:47,1.863
2019-03-03 12:31:48,1.863
2019-03-03 12:31:49,1.869
2019-03-03 12:31:50,1.866
2019-03-03 12:31:51,1.869
2019-03-03 12:31:52,1.8960000000000001
2019-03-03 12:31:52,1.9020000000000001
2019-03-03 12:31:53,1.917
2019-03-03 12:31:54,1.941
2019-03-03 12:31:55,1.947
2019-03-03 12:31:55,1.938
2019-03-03 12:31:56,1.923
2019-03-03 12:31:57,1.917
2019-03-03 12:31:58,1.9020000000000001
2019-03-03 12:31:59,1.899
2019-03-03 12:31:59,1.8960000000000001
2019-03-03 12:32:00,1.881
2019-03-03 12:32:01,1.869
2019-03-03 12:32:02,1.857
2019-03-03 12:32:03,1.863
2019-03-03 12:32:03,1.248
2019-03-03 12:32:03,1.869
2019-03-03 12:32:04,1.242
2019-03-03 12:32:04,1.872
2019-03-03 12:32:05,1.239
2019-03-03 12:32:05,1.863
2019-03-03 12:32:07,2.037
2019-03-03 12:32:07,2.04
2019-03-03 12:32:10,1.98
2019-03-03 12:32:37,1.41
2019-03-03 12:32:41,1.692
2019-03-03 12:32:41,1.686
2019-03-03 12:32:42,1.68
2019-03-03 12:32:43,1.677
2019-03-03 12:32:43,1.6620000000000001
2019-03-03 12:32:44,1.653
2019-03-03 12:32:45,1.6500000000000001
2019-03-03 12:32:46,1.653
2019-03-03 12:32:47,1.659
2019-03-03 12:32:47,1.6560000000000001
2019-03-03 12:32:48,1.6560000000000001
2019-03-03 12:32:49,1.653
2019-03-03 12:32:50,1.6440000000000001
2019-03-03 12:32:51,1.647
2019-03-03 12:32:51,1.653
2019-03-03 12:32:52,1.6500000000000001
2019-03-03 12:32:53,1.6440000000000001
2019-03-03 12:32:54,1.641
2019-03-03 12:32:55,1.641
2019-03-03 12:32:55,1.641
2019-03-03 12:32:56,1.6440000000000001
2019-03-03 12:33:03,1.572
2019-03-03 12:33:05,1.623
2019-03-03 12:33:06,1.635
2019-03-03 12:33:07,1.6380000000000001
2019-03-03 12:33:18,1.866
2019-03-03 12:33:19,1.86
2019-03-03 12:33:21,1.818
2019-03-03 12:33:21,1.815
2019-03-03 12:33:22,0.654
2019-03-03 12:33:22,1.806
2019-03-03 12:33:23,0.669
2019-03-03 12:33:23,1.794
2019-03-03 12:33:23,1.7850000000000001
2019-03-03 12:33:24,1.7790000000000001
2019-03-03 12:33:25,1.776
2019-03-03 12:33:26,1.749
2019-03-03 12:33:27,1.743
2019-03-03 12:33:27,1.749
2019-03-03 12:33:28,1.752
2019-03-03 12:33:29,1.752
2019-03-03 12:33:35,1.872
2019-03-03 12:33:36,1.869
2019-03-03 12:33:37,1.875
2019-03-03 12:33:38,1.881
2019-03-03 12:33:38,2.4
2019-03-03 12:33:39,1.881
2019-03-03 12:33:39,2.3970000000000002
2019-03-03 12:33:39,1.872
2019-03-03 12:33:39,2.394
2019-03-03 12:33:40,1.866
2019-03-03 12:33:40,2.391
2019-03-03 12:33:41,1.857
2019-03-03 12:33:41,2.364
2019-03-03 12:33:42,1.851
2019-03-03 12:33:42,2.346
2019-03-03 12:33:43,2.334
2019-03-03 12:33:43,2.337
2019-03-03 12:33:44,2.343
2019-03-03 12:33:45,2.361
2019-03-03 12:33:46,2.367
2019-03-03 12:33:47,2.364
2019-03-03 12:33:47,2.367
2019-03-03 12:33:48,2.37
2019-03-03 12:34:11,2.454
2019-03-03 12:34:12,2.454
2019-03-03 12:34:13,2.451
2019-03-03 12:34:14,2.451
2019-03-03 12:34:16,2.286
2019-03-03 12:34:17,2.286
2019-03-03 12:34:18,2.286
2019-03-03 12:34:19,2.271
2019-03-03 12:34:19,2.2560000000000002
2019-03-03 12:34:19,2.622
2019-03-03 12:34:20,2.2560000000000002
2019-03-03 12:34:20,2.625
2019-03-03 12:34:21,2.2680000000000002
2019-03-03 12:34:21,2.628
2019-03-03 12:34:22,2.274
2019-03-03 12:34:22,2.625
2019-03-03 12:34:23,2.274
2019-03-03 12:34:23,2.613
2019-03-03 12:34:23,2.2680000000000002
2019-03-03 12:34:24,2.25
2019-03-03 12:34:25,2.247
2019-03-03 12:34:26,2.247
2019-03-03 12:34:34,2.544
2019-03-03 12:34:35,2.535
2019-03-03 12:34:35,2.535
2019-03-03 12:34:36,2.541
2019-03-03 12:34:37,2.547
2019-03-03 12:34:38,2.547
2019-03-03 12:34:39,2.547
2019-03-03 12:34:39,2.5500000000000003
2019-03-03 12:34:40,2.124
2019-03-03 12:34:41,2.118
2019-03-03 12:34:53,1.893
2019-03-03 12:34:54,1.893
2019-03-03 12:34:55,1.8960000000000001
2019-03-03 12:34:55,1.905
2019-03-03 12:34:56,1.917
2019-03-03 12:34:57,1.926
2019-03-03 12:34:58,1.929
2019-03-03 12:34:59,1.929
2019-03-03 12:34:59,1.932
2019-03-03 12:35:00,1.935
2019-03-03 12:35:01,1.947
2019-03-03 12:35:04,1.431
2019-03-03 12:35:05,1.416
2019-03-03 12:35:06,1.41
2019-03-03 12:35:07,1.4040000000000001
2019-03-03 12:35:09,1.389
2019-03-03 12:35:10,1.3920000000000001
2019-03-03 12:35:23,1.7790000000000001
2019-03-03 12:35:23,1.776
2019-03-03 12:35:24,1.7790000000000001
2019-03-03 12:35:25,1.776
2019-03-03 12:35:26,1.7670000000000001
2019-03-03 12:35:30,1.815
2019-03-03 12:35:34,1.815
2019-03-03 12:35:37,1.848
2019-03-03 12:35:37,1.854
2019-03-03 12:35:38,1.86
2019-03-03 12:35:39,1.86
2019-03-03 12:35:39,1.854
2019-03-03 12:35:40,1.848
2019-03-03 12:35:41,1.851
2019-03-03 12:35:42,1.848
2019-03-03 12:35:51,1.5330000000000001
2019-03-03 12:35:51,2.466
2019-03-03 12:35:51,1.5330000000000001
2019-03-03 12:35:51,2.454
2019-03-03 12:35:52,1.545
2019-03-03 12:35:52,2.442
2019-03-03 12:35:53,1.548
2019-03-03 12:35:53,2.436
2019-03-03 12:35:54,1.545
2019-03-03 12:35:55,1.524
2019-03-03 12:35:58,1.83
2019-03-03 12:35:59,1.818
2019-03-03 12:36:01,1.7850000000000001
2019-03-03 12:36:02,1.758
2019-03-03 12:36:03,1.746
2019-03-03 12:36:12,1.1460000000000001
2019-03-03 12:36:12,1.1400000000000001
2019-03-03 12:36:13,1.1400000000000001
2019-03-03 12:36:13,1.863
2019-03-03 12:36:13,2.115
2019-03-03 12:36:14,1.872
2019-03-03 12:36:14,2.112
2019-03-03 12:36:15,1.863
2019-03-03 12:36:15,2.106
2019-03-03 12:36:15,1.887
2019-03-03 12:36:15,2.1
2019-03-03 12:36:16,1.893
2019-03-03 12:36:39,1.5210000000000001
2019-03-03 12:36:39,1.5210000000000001
2019-03-03 12:36:41,1.5330000000000001
2019-03-03 12:36:42,1.536
2019-03-03 12:36:43,1.566
2019-03-03 12:36:43,1.824
2019-03-03 12:36:43,1.83
2019-03-03 12:36:44,1.815
2019-03-03 12:37:12,1.434
2019-03-03 12:37:12,1.434
2019-03-03 12:37:13,1.437
2019-03-03 12:37:13,1.866
2019-03-03 12:37:14,1.44
2019-03-03 12:37:14,1.845
2019-03-03 12:37:15,1.44
2019-03-03 12:37:15,1.839
2019-03-03 12:37:15,1.437
2019-03-03 12:37:15,1.839
2019-03-03 12:37:16,1.434
2019-03-03 12:37:17,1.428
2019-03-03 12:37:18,1.422
2019-03-03 12:37:19,2.094
2019-03-03 12:37:19,2.091
2019-03-03 12:37:20,2.088
2019-03-03 12:37:21,1.845
2019-03-03 12:37:21,2.091
2019-03-03 12:37:22,2.094
2019-03-03 12:37:23,2.094
2019-03-03 12:37:26,1.935
2019-03-03 12:37:27,1.935
2019-03-03 12:37:27,1.938
2019-03-03 12:37:28,1.962
2019-03-03 12:37:29,1.974
2019-03-03 12:37:30,1.977
2019-03-03 12:37:31,1.98
2019-03-03 12:37:34,1.434
2019-03-03 12:37:35,1.434
2019-03-03 12:37:35,1.419
2019-03-03 12:37:36,1.413
2019-03-03 12:37:36,1.812
2019-03-03 12:37:37,1.413
2019-03-03 12:37:51,1.014
2019-03-03 12:37:51,1.014
2019-03-03 12:37:52,1.0110000000000001
2019-03-03 12:37:53,1.008
2019-03-03 12:37:54,1.0110000000000001
2019-03-03 12:37:54,1.446
2019-03-03 12:37:54,1.851
2019-03-03 12:37:55,1.452
2019-03-03 12:37:55,1.86
2019-03-03 12:37:55,1.458
2019-03-03 12:37:55,1.866
2019-03-03 12:37:56,1.461
2019-03-03 12:37:56,1.881
2019-03-03 12:37:57,1.455
2019-03-03 12:37:57,1.887
2019-03-03 12:37:58,1.6560000000000001
2019-03-03 12:37:58,1.8840000000000001
2019-03-03 12:37:59,1.653
2019-03-03 12:37:59,1.881
2019-03-03 12:37:59,1.6500000000000001
2019-03-03 12:37:59,1.872
2019-03-03 12:38:00,1.671
2019-03-03 12:38:01,1.68
2019-03-03 12:38:01,2.358
2019-03-03 12:38:02,1.692
2019-03-03 12:38:02,2.37
2019-03-03 12:38:15,2.634
2019-03-03 12:38:15,2.637
2019-03-03 12:38:17,1.752
2019-03-03 12:38:17,1.749
2019-03-03 12:38:18,1.7730000000000001
2019-03-03 12:38:18,2.6430000000000002
2019-03-03 12:38:19,1.788
2019-03-03 12:38:19,2.649
2019-03-03 12:38:19,2.664
2019-03-03 12:38:20,1.827
2019-03-03 12:38:20,2.6790000000000003
2019-03-03 12:38:21,1.236
2019-03-03 12:38:21,1.833
2019-03-03 12:38:21,2.685
2019-03-03 12:38:22,1.248
2019-03-03 12:38:22,1.839
2019-03-03 12:38:22,2.685
2019-03-03 12:38:23,1.2510000000000001
2019-03-03 12:38:23,1.83
2019-03-03 12:38:23,2.6790000000000003
2019-03-03 12:38:23,1.2510000000000001
2019-03-03 12:38:23,1.821
2019-03-03 12:38:23,2.682
2019-03-03 12:38:24,1.26
2019-03-03 12:38:24,1.815
2019-03-03 12:38:24,2.688
2019-03-03 12:38:25,1.2690000000000001
2019-03-03 12:38:25,1.833
2019-03-03 12:38:25,2.721
2019-03-03 12:38:26,1.278
2019-03-03 12:38:26,2.007
2019-03-03 12:38:26,2.748
2019-03-03 12:38:27,1.287
2019-03-03 12:38:27,2.0100000000000002
2019-03-03 12:38:27,2.757
2019-03-03 12:38:27,1.29
2019-03-03 12:38:27,2.0100000000000002
2019-03-03 12:38:27,2.763
2019-03-03 12:38:28,1.29
2019-03-03 12:38:28,1.824
2019-03-03 12:38:28,2.763
2019-03-03 12:38:29,1.281
2019-03-03 12:38:29,2.001
2019-03-03 12:38:29,2.757
2019-03-03 12:38:30,1.2690000000000001
2019-03-03 12:38:30,1.998
2019-03-03 12:38:30,2.754
2019-03-03 12:38:31,1.2630000000000001
2019-03-03 12:38:31,2.004
2019-03-03 12:38:31,2.757
2019-03-03 12:38:31,1.2570000000000001
2019-03-03 12:38:31,2.0100000000000002
2019-03-03 12:38:31,2.769
2019-03-03 12:38:32,1.26
2019-03-03 12:38:32,2.019
2019-03-03 12:38:32,2.775
2019-03-03 12:38:33,2.031
2019-03-03 12:38:33,2.778
2019-03-03 12:38:34,2.0340000000000003
2019-03-03 12:38:34,2.775
2019-03-03 12:38:35,2.0340000000000003
2019-03-03 12:38:35,2.769
2019-03-03 12:38:35,2.0340000000000003
2019-03-03 12:38:35,2.763
2019-03-03 12:38:36,2.031
2019-03-03 12:38:37,2.025
2019-03-03 12:38:38,2.031
2019-03-03 12:38:39,2.031
2019-03-03 12:38:39,2.697
2019-03-03 12:38:39,2.031
2019-03-03 12:38:39,2.6790000000000003
2019-03-03 12:38:40,2.0340000000000003
2019-03-03 12:38:40,2.67
2019-03-03 12:38:41,2.031
2019-03-03 12:38:41,2.658
2019-03-03 12:38:42,2.0340000000000003
2019-03-03 12:38:42,2.472
2019-03-03 12:38:43,2.46
2019-03-03 12:38:43,2.457
2019-03-03 12:38:44,2.448
2019-03-03 12:38:45,2.442
2019-03-03 12:38:46,1.56
2019-03-03 12:38:46,1.983
2019-03-03 12:38:46,2.436
2019-03-03 12:38:47,1.557
2019-03-03 12:38:47,2.424
2019-03-03 12:38:47,1.557
2019-03-03 12:38:47,2.547
2019-03-03 12:38:48,1.56
2019-03-03 12:38:48,2.556
2019-03-03 12:38:49,1.563
2019-03-03 12:38:49,2.016
2019-03-03 12:38:49,2.559
2019-03-03 12:38:50,2.004
2019-03-03 12:38:50,2.433
2019-03-03 12:38:51,1.995
2019-03-03 12:38:51,2.424
2019-03-03 12:38:51,1.968
2019-03-03 12:38:51,2.415
2019-03-03 12:38:52,1.944
2019-03-03 12:38:54,2.106
2019-03-03 12:38:55,2.109
2019-03-03 12:38:55,2.118
2019-03-03 12:38:57,0.906
2019-03-03 12:38:59,1.671
2019-03-03 12:39:00,1.671
2019-03-03 12:39:01,1.6620000000000001
2019-03-03 12:39:02,1.659
2019-03-03 12:39:11,1.17
2019-03-03 12:39:11,1.173
2019-03-03 12:39:12,1.176
2019-03-03 12:39:13,1.176
2019-03-03 12:39:14,1.176
2019-03-03 12:39:15,1.176
2019-03-03 12:39:15,1.176
2019-03-03 12:39:21,1.131
2019-03-03 12:39:22,2.169
2019-03-03 12:39:23,2.1630000000000003
2019-03-03 12:39:23,2.157
2019-03-03 12:39:24,2.145
2019-03-03 12:39:25,2.136
2019-03-03 12:39:26,1.9140000000000001
2019-03-03 12:39:26,2.124
2019-03-03 12:39:27,1.905
2019-03-03 12:39:27,2.118
2019-03-03 12:39:27,1.9020000000000001
2019-03-03 12:39:27,2.118
2019-03-03 12:39:28,1.899
2019-03-03 12:39:28,2.115
2019-03-03 12:39:30,2.1
2019-03-03 12:39:32,1.161
2019-03-03 12:39:32,1.158
2019-03-03 12:39:35,2.136
2019-03-03 12:39:35,2.148
2019-03-03 12:39:36,2.157
2019-03-03 12:39:37,2.166
2019-03-03 12:39:38,2.172
2019-03-03 12:39:39,2.178
2019-03-03 12:39:39,1.551
2019-03-03 12:39:39,2.1750000000000003
2019-03-03 12:39:40,1.554
2019-03-03 12:39:40,2.1750000000000003
2019-03-03 12:39:41,1.551
2019-03-03 12:39:43,1.5270000000000001
2019-03-03 12:39:54,2.037
2019-03-03 12:39:55,2.04
2019-03-03 12:39:55,2.019
2019-03-03 12:40:00,1.95
2019-03-03 12:40:05,0.975
2019-03-03 12:40:18,0.8280000000000001
2019-03-03 12:40:19,0.81
2019-03-03 12:40:45,1.5150000000000001
2019-03-03 12:40:47,1.557
2019-03-03 12:40:47,1.551
2019-03-03 12:40:49,0.861
2019-03-03 12:40:50,0.867
2019-03-03 12:40:51,0.873
2019-03-03 12:40:51,1.7610000000000001
2019-03-03 12:40:53,1.809
2019-03-03 12:40:54,1.818
2019-03-03 12:40:59,1.245
2019-03-03 12:41:00,1.26
2019-03-03 12:41:05,1.86
2019-03-03 12:41:05,1.866
2019-03-03 12:41:14,2.439
2019-03-03 12:41:15,2.445
2019-03-03 12:41:15,2.466
2019-03-03 12:41:16,2.484
2019-03-03 12:41:25,1.5270000000000001
2019-03-03 12:41:26,1.506
2019-03-03 12:41:27,1.494
2019-03-03 12:41:27,1.479
2019-03-03 12:41:31,1.329
2019-03-03 12:41:32,1.323
2019-03-03 12:41:33,1.326
2019-03-03 12:41:34,1.329
2019-03-03 12:41:45,1.242
2019-03-03 12:41:46,1.242
2019-03-03 12:41:47,1.233
2019-03-03 12:41:47,1.23
2019-03-03 12:41:48,1.233
2019-03-03 12:41:49,1.221
2019-03-03 12:41:50,1.221
2019-03-03 12:41:55,0.9570000000000001
2019-03-03 12:41:56,0.9510000000000001
2019-03-03 12:41:57,0.9480000000000001
2019-03-03 12:41:58,0.9480000000000001
2019-03-03 12:41:59,0.9450000000000001
2019-03-03 12:41:59,1.197
2019-03-03 12:41:59,1.197
2019-03-03 12:42:15,1.368
2019-03-03 12:42:38,0.909
2019-03-03 12:42:39,0.921
2019-03-03 12:43:03,1.764
2019-03-03 12:43:04,1.7610000000000001
2019-03-03 12:43:05,1.7610000000000001
2019-03-03 12:43:06,0.915
2019-03-03 12:43:06,1.758
2019-03-03 12:43:07,0.918
2019-03-03 12:43:07,1.7550000000000001
2019-03-03 12:43:07,0.918
2019-03-03 12:43:09,1.455
2019-03-03 12:43:09,1.449
2019-03-03 12:43:10,1.443
2019-03-03 12:43:11,1.443
2019-03-03 12:43:13,1.293
2019-03-03 12:43:14,1.287
2019-03-03 12:43:15,1.284
2019-03-03 12:43:15,1.287
2019-03-03 12:43:16,1.293
2019-03-03 12:43:17,1.302
2019-03-03 12:43:18,1.296
2019-03-03 12:43:19,1.296
2019-03-03 12:43:19,1.287
2019-03-03 12:43:20,1.278
2019-03-03 12:43:21,1.2690000000000001
2019-03-03 12:43:22,1.2630000000000001
2019-03-03 12:43:27,1.449
2019-03-03 12:43:27,1.443
2019-03-03 12:43:28,1.431
2019-03-03 12:43:29,1.419
2019-03-03 12:43:30,1.419
2019-03-03 12:43:31,1.419
2019-03-03 12:43:31,1.224
2019-03-03 12:43:32,1.227
2019-03-03 12:44:01,1.596
2019-03-03 12:44:01,1.593
2019-03-03 12:44:05,1.569
2019-03-03 12:44:05,1.569
2019-03-03 12:44:06,1.539
2019-03-03 12:44:07,1.524
2019-03-03 12:45:34,1.437
2019-03-03 12:45:35,1.44
2019-03-03 12:45:47,0.8190000000000001
2019-03-03 12:45:47,0.8220000000000001
2019-03-03 12:45:48,0.8220000000000001
2019-03-03 12:45:57,1.68
2019-03-03 12:45:58,1.677
2019-03-03 12:46:01,1.695
2019-03-03 12:46:02,1.692
2019-03-03 12:46:03,1.686
2019-03-03 12:46:03,1.677
2019-03-03 12:46:19,1.122
2019-03-03 12:46:20,1.125
2019-03-03 12:46:21,1.122
2019-03-03 12:46:22,1.119
2019-03-03 12:46:27,0.975
2019-03-03 12:46:31,0.654
2019-03-03 12:46:31,0.651
2019-03-03 12:46:32,0.648
2019-03-03 12:46:33,0.651
2019-03-03 12:46:33,1.365
2019-03-03 12:46:34,0.651
2019-03-03 12:46:34,1.359
2019-03-03 12:46:35,1.35
2019-03-03 12:46:35,1.344
2019-03-03 12:46:36,1.338
2019-03-03 12:46:37,1.335
2019-03-03 12:46:38,1.32
2019-03-03 12:46:39,1.311
2019-03-03 12:47:35,1.5090000000000001
2019-03-03 12:47:35,1.5150000000000001
2019-03-03 12:47:36,1.5210000000000001
2019-03-03 12:47:37,1.524
2019-03-03 12:47:38,1.53
2019-03-03 12:47:57,0.777
2019-03-03 12:48:53,1.362
2019-03-03 12:48:54,1.365
2019-03-03 12:49:02,1.242
2019-03-03 12:49:03,1.242
2019-03-03 12:49:03,1.245
2019-03-03 12:49:04,1.2570000000000001
2019-03-03 12:49:05,1.2690000000000001
2019-03-03 12:49:06,1.2750000000000001
2019-03-03 12:49:07,1.278
2019-03-03 12:49:07,1.299
2019-03-03 12:49:08,1.308
2019-03-03 12:49:22,1.2690000000000001
2019-03-03 12:49:23,1.2630000000000001
2019-03-03 12:49:23,1.74
2019-03-03 12:49:23,1.2570000000000001
2019-03-03 12:49:23,1.737
2019-03-03 12:49:23,2.1510000000000002
2019-03-03 12:49:38,0.615
2019-03-03 12:49:44,0.6990000000000001
2019-03-03 12:49:45,0.6900000000000001
2019-03-03 12:49:46,0.678
2019-03-03 12:49:47,0.672
2019-03-03 12:49:47,0.666
2019-03-03 12:49:48,0.657
2019-03-03 12:49:49,0.648
2019-03-03 12:49:50,0.639
2019-03-03 12:49:51,0.63
2019-03-03 12:49:51,0.636
2019-03-03 12:49:52,0.633
2019-03-03 12:50:28,1.911
2019-03-03 12:50:29,1.899
2019-03-03 12:50:30,1.893
2019-03-03 12:50:31,1.905
2019-03-03 12:50:34,1.941
2019-03-03 12:50:42,1.599
2019-03-03 12:50:43,1.614
2019-03-03 12:50:43,1.617
2019-03-03 12:50:44,2.0100000000000002
2019-03-03 12:50:45,2.013
2019-03-03 12:50:58,0.867
2019-03-03 12:52:42,0.8280000000000001
2019-03-03 12:52:43,0.8250000000000001
2019-03-03 12:52:43,0.8130000000000001
2019-03-03 12:52:44,0.804
2019-03-03 12:52:45,0.795
2019-03-03 12:52:46,0.786
2019-03-03 12:52:47,0.792
2019-03-03 12:52:47,0.807
2019-03-03 12:52:48,0.81
2019-03-03 12:52:49,0.8190000000000001
2019-03-03 12:52:55,0.999
2019-03-03 12:52:55,0.993
2019-03-03 13:05:46,1.563
2019-03-03 13:05:47,1.572
2019-03-03 13:05:47,1.572
2019-03-03 13:06:07,10.59
2019-03-03 13:06:09,10.539
2019-03-03 13:06:09,10.539
2019-03-03 13:06:10,10.569
2019-03-03 13:06:11,10.587
2019-03-03 13:06:11,10.605
2019-03-03 13:06:12,10.602
2019-03-03 13:06:13,10.593
2019-03-03 13:06:14,10.611
2019-03-03 13:06:15,10.593
2019-03-03 13:06:18,10.641
2019-03-03 13:06:19,10.563
2019-03-03 13:06:21,10.65
2019-03-03 13:06:22,10.647
2019-03-03 13:06:23,10.671
2019-03-03 13:06:23,10.68
2019-03-03 13:06:24,10.614
2019-03-03 13:06:25,10.581
2019-03-03 13:06:26,10.641
2019-03-03 13:06:27,10.698
2019-03-03 13:06:27,10.671
2019-03-03 13:06:28,10.653
2019-03-03 13:06:29,10.725
2019-03-03 13:06:30,10.764
2019-03-03 13:06:31,10.722
2019-03-03 13:06:32,10.647
2019-03-03 13:06:33,10.692
2019-03-03 13:06:34,10.749
2019-03-03 13:06:37,10.764
2019-03-03 13:06:38,10.797
2019-03-03 13:06:41,10.749
2019-03-03 13:06:56,1.578
2019-03-03 13:06:56,1.59
2019-03-03 13:06:57,1.599
2019-03-03 13:06:58,1.611
2019-03-03 13:06:59,1.614
2019-03-03 13:06:59,1.62
2019-03-03 13:07:10,1.962
2019-03-03 13:07:11,1.962
2019-03-03 13:07:11,1.974
2019-03-03 13:07:14,2.001
2019-03-03 13:07:15,1.986
2019-03-03 13:07:15,1.965
2019-03-03 13:07:16,1.95
2019-03-03 13:07:17,1.95
2019-03-03 13:07:30,1.887
2019-03-03 13:07:32,1.809
2019-03-03 13:07:32,1.803
2019-03-03 13:07:33,1.794
2019-03-03 13:07:37,2.211
2019-03-03 13:07:37,2.202
2019-03-03 13:07:38,2.181
2019-03-03 13:07:39,2.16
2019-03-03 13:07:39,2.148
2019-03-03 13:07:40,2.145
2019-03-03 13:07:41,1.743
2019-03-03 13:07:41,2.145
2019-03-03 13:07:42,1.743
2019-03-03 13:07:42,2.148
2019-03-03 13:07:43,1.7550000000000001
2019-03-03 13:07:43,2.1510000000000002
2019-03-03 13:07:43,2.145
2019-03-03 13:07:45,2.187
2019-03-03 13:07:58,10.272
2019-03-03 13:07:59,10.263
2019-03-03 13:07:59,10.236
2019-03-03 13:08:00,10.212
2019-03-03 13:08:01,10.197000000000001
2019-03-03 13:08:02,10.218
2019-03-03 13:08:03,1.821
2019-03-03 13:08:03,10.257
2019-03-03 13:08:03,10.245000000000001
2019-03-03 13:08:04,10.224
2019-03-03 13:08:05,10.251
2019-03-03 13:08:06,10.272
2019-03-03 13:08:07,10.26
2019-03-03 13:08:07,10.245000000000001
2019-03-03 13:08:08,10.233
2019-03-03 13:08:09,10.236
2019-03-03 13:08:10,2.415
2019-03-03 13:08:10,10.26
2019-03-03 13:08:11,2.418
2019-03-03 13:08:11,10.278
2019-03-03 13:08:11,2.415
2019-03-03 13:08:11,10.26
2019-03-03 13:08:12,1.395
2019-03-03 13:08:12,2.427
2019-03-03 13:08:13,1.3980000000000001
2019-03-03 13:08:13,2.442
2019-03-03 13:08:14,1.395
2019-03-03 13:08:14,2.448
2019-03-03 13:08:15,10.254
2019-03-03 13:08:17,10.263
2019-03-03 13:08:18,10.248
2019-03-03 13:08:19,1.584
2019-03-03 13:08:19,10.233
2019-03-03 13:08:19,10.197000000000001
2019-03-03 13:08:20,10.209
2019-03-03 13:08:21,10.278
2019-03-03 13:08:23,10.266
2019-03-03 13:08:23,10.227
2019-03-03 13:08:24,10.236
2019-03-03 13:08:27,10.278
2019-03-03 13:08:28,10.311
2019-03-03 13:08:30,2.5020000000000002
2019-03-03 13:08:31,10.308
2019-03-03 13:08:32,10.332
2019-03-03 13:08:32,0.834
2019-03-03 13:08:34,10.338000000000001
2019-03-03 13:09:24,1.029
2019-03-03 13:09:24,1.0230000000000001
2019-03-03 13:09:32,1.815
2019-03-03 13:09:32,1.818
2019-03-03 13:09:33,1.836
2019-03-03 13:09:34,1.845
2019-03-03 13:09:35,1.845
2019-03-03 13:09:35,1.833
2019-03-03 13:09:41,1.941
2019-03-03 13:09:42,1.941
2019-03-03 13:09:43,1.947
2019-03-03 13:09:43,1.95
2019-03-03 13:09:44,1.956
2019-03-03 13:09:45,1.953
2019-03-03 13:09:48,2.136
2019-03-03 13:09:48,2.148
2019-03-03 13:09:49,2.166
2019-03-03 13:09:50,2.187
2019-03-03 13:09:51,2.193
2019-03-03 13:09:51,2.19
2019-03-03 13:09:54,1.176
2019-03-03 13:09:55,1.173
2019-03-03 13:10:06,2.376
2019-03-03 13:10:07,2.382
2019-03-03 13:10:07,2.388
2019-03-03 13:10:08,2.388
2019-03-03 13:10:09,2.382
2019-03-03 13:10:10,2.3850000000000002
2019-03-03 13:10:13,1.722
2019-03-03 13:10:13,2.364
2019-03-03 13:10:14,1.728
2019-03-03 13:10:15,1.737
2019-03-03 13:10:15,1.743
2019-03-03 13:10:18,2.3970000000000002
2019-03-03 13:10:19,2.373
2019-03-03 13:10:29,1.728
2019-03-03 13:10:30,1.731
2019-03-03 13:10:37,1.911
2019-03-03 13:10:37,1.9080000000000001
2019-03-03 13:10:38,1.917
2019-03-03 13:10:39,1.932
2019-03-03 13:10:42,2.346
2019-03-03 13:10:43,2.331
2019-03-03 13:10:43,2.328
2019-03-03 13:10:44,2.331
2019-03-03 13:10:45,2.334
2019-03-03 13:10:46,2.37
2019-03-03 13:10:47,2.391
2019-03-03 13:10:47,2.412
2019-03-03 13:10:48,2.424
2019-03-03 13:10:49,2.427
2019-03-03 13:10:50,2.43
2019-03-03 13:10:51,2.433
2019-03-03 13:10:51,1.935
2019-03-03 13:10:51,2.448
2019-03-03 13:10:56,2.475
2019-03-03 13:10:56,2.475
2019-03-03 13:10:57,2.472
2019-03-03 13:10:58,2.463
2019-03-03 13:10:59,1.371
2019-03-03 13:11:00,1.371
2019-03-03 13:11:01,1.371
2019-03-03 13:11:02,1.374
2019-03-03 13:11:03,1.377
2019-03-03 13:11:10,1.959
2019-03-03 13:11:10,2.172
2019-03-03 13:11:11,1.953
2019-03-03 13:11:11,2.181
2019-03-03 13:11:11,1.947
2019-03-03 13:11:11,2.19
2019-03-03 13:11:12,1.944
2019-03-03 13:11:12,2.193
2019-03-03 13:11:13,1.947
2019-03-03 13:11:13,2.19
2019-03-03 13:11:14,1.95
2019-03-03 13:11:14,2.172
2019-03-03 13:11:15,1.956
2019-03-03 13:11:15,2.1630000000000003
2019-03-03 13:11:15,0.618
2019-03-03 13:11:15,2.1630000000000003
2019-03-03 13:11:16,0.63
2019-03-03 13:11:16,0.897
2019-03-03 13:11:16,2.16
2019-03-03 13:11:16,2.406
2019-03-03 13:11:17,0.891
2019-03-03 13:11:17,2.157
2019-03-03 13:11:17,2.406
2019-03-03 13:11:18,0.897
2019-03-03 13:11:18,1.956
2019-03-03 13:11:18,2.169
2019-03-03 13:11:18,2.415
2019-03-03 13:11:19,2.19
2019-03-03 13:11:19,2.439
2019-03-03 13:11:20,2.472
2019-03-03 13:11:22,0.624
2019-03-03 13:11:23,0.639
2019-03-03 13:11:24,0.666
2019-03-03 13:11:26,2.1630000000000003
2019-03-03 13:11:27,2.154
2019-03-03 13:11:28,2.148
2019-03-03 13:11:29,1.182
2019-03-03 13:11:29,1.431
2019-03-03 13:11:29,2.142
2019-03-03 13:11:29,1.176
2019-03-03 13:11:29,2.136
2019-03-03 13:11:30,1.173
2019-03-03 13:11:30,2.124
2019-03-03 13:11:31,1.167
2019-03-03 13:11:31,2.115
2019-03-03 13:11:32,1.176
2019-03-03 13:11:32,2.109
2019-03-03 13:11:33,1.182
2019-03-03 13:11:33,2.097
2019-03-03 13:11:33,1.185
2019-03-03 13:11:33,2.103
2019-03-03 13:11:34,1.185
2019-03-03 13:11:35,1.176
2019-03-03 13:11:36,1.173
2019-03-03 13:11:37,1.17
2019-03-03 13:11:37,1.167
2019-03-03 13:11:38,1.164
2019-03-03 13:11:46,2.1390000000000002
2019-03-03 13:11:46,2.142
2019-03-03 13:11:47,2.145
2019-03-03 13:11:48,1.7550000000000001
2019-03-03 13:11:48,2.148
2019-03-03 13:11:49,1.752
2019-03-03 13:11:49,2.169
2019-03-03 13:11:49,1.752
2019-03-03 13:11:50,1.7550000000000001
2019-03-03 13:11:51,1.758
2019-03-03 13:11:52,1.7670000000000001
2019-03-03 13:11:53,1.776
2019-03-03 13:11:53,1.782
2019-03-03 13:11:53,2.208
2019-03-03 13:11:54,1.782
2019-03-03 13:11:54,2.217
2019-03-03 13:11:55,1.782
2019-03-03 13:11:55,2.223
2019-03-03 13:11:56,1.788
2019-03-03 13:11:57,1.794
2019-03-03 13:11:57,2.247
2019-03-03 13:11:57,1.803
2019-03-03 13:11:57,2.25
2019-03-03 13:11:58,1.812
2019-03-03 13:11:58,2.253
2019-03-03 13:11:59,1.806
2019-03-03 13:11:59,2.25
2019-03-03 13:12:00,1.7910000000000001
2019-03-03 13:12:00,2.274
2019-03-03 13:12:01,1.782
2019-03-03 13:12:01,2.286
2019-03-03 13:12:01,0.531
2019-03-03 13:12:01,1.7790000000000001
2019-03-03 13:12:01,2.2920000000000003
2019-03-03 13:12:02,1.7550000000000001
2019-03-03 13:12:02,2.301
2019-03-03 13:12:03,1.7670000000000001
2019-03-03 13:12:03,2.301
2019-03-03 13:12:08,0.579
2019-03-03 13:12:08,2.316
2019-03-03 13:12:09,2.319
2019-03-03 13:12:09,2.319
2019-03-03 13:12:10,2.34
2019-03-03 13:12:11,1.815
2019-03-03 13:12:11,2.352
2019-03-03 13:12:13,1.824
2019-03-03 13:12:14,10.209
2019-03-03 13:12:15,2.061
2019-03-03 13:12:15,10.275
2019-03-03 13:12:16,2.061
2019-03-03 13:12:16,10.299
2019-03-03 13:12:17,2.061
2019-03-03 13:12:17,10.314
2019-03-03 13:12:17,2.058
2019-03-03 13:12:17,10.293000000000001
2019-03-03 13:12:19,10.344
2019-03-03 13:12:21,10.377
2019-03-03 13:12:23,1.923
2019-03-03 13:12:24,1.137
2019-03-03 13:12:24,1.917
2019-03-03 13:12:25,1.149
2019-03-03 13:12:25,1.917
2019-03-03 13:12:25,1.155
2019-03-03 13:12:25,1.92
2019-03-03 13:12:26,1.161
2019-03-03 13:12:26,1.92
2019-03-03 13:12:31,10.737
2019-03-03 13:12:33,10.713000000000001
2019-03-03 13:12:35,1.776
2019-03-03 13:12:36,1.77
2019-03-03 13:12:45,2.415
2019-03-03 13:12:45,2.412
2019-03-03 13:12:46,2.4090000000000003
2019-03-03 13:12:51,2.487
2019-03-03 13:12:57,1.734
2019-03-03 13:12:57,1.239
2019-03-03 13:12:57,1.725
2019-03-03 13:12:58,1.236
2019-03-03 13:12:58,1.719
2019-03-03 13:12:59,1.698
2019-03-03 13:13:00,1.683
2019-03-03 13:13:01,1.683
2019-03-03 13:13:01,1.689
2019-03-03 13:13:02,1.236
2019-03-03 13:13:02,1.695
2019-03-03 13:13:03,1.242
2019-03-03 13:13:04,1.245
2019-03-03 13:13:05,1.245
2019-03-03 13:13:13,1.5330000000000001
2019-03-03 13:13:18,2.157
2019-03-03 13:13:24,10.719
2019-03-03 13:13:24,11.622
2019-03-03 13:13:25,1.425
2019-03-03 13:13:25,10.725
2019-03-03 13:13:26,10.776
2019-03-03 13:13:33,1.671
2019-03-03 13:13:33,1.842
2019-03-03 13:13:34,1.839
2019-03-03 13:13:35,1.836
2019-03-03 13:13:36,1.836
2019-03-03 13:13:37,1.854
2019-03-03 13:13:37,1.869
2019-03-03 13:13:46,1.836
2019-03-03 13:13:46,1.842
2019-03-03 13:13:47,1.848
2019-03-03 13:13:48,1.848
2019-03-03 13:13:55,1.494
2019-03-03 13:13:56,1.143
2019-03-03 13:13:56,1.494
2019-03-03 13:13:57,1.149
2019-03-03 13:13:57,1.497
2019-03-03 13:13:57,1.158
2019-03-03 13:13:57,1.5030000000000001
2019-03-03 13:13:58,1.167
2019-03-03 13:13:58,1.506
2019-03-03 13:13:59,1.176
2019-03-03 13:13:59,1.512
2019-03-03 13:13:59,1.986
2019-03-03 13:14:00,1.953
2019-03-03 13:14:09,1.872
2019-03-03 13:14:09,1.86
2019-03-03 13:14:10,1.857
2019-03-03 13:14:40,1.425
2019-03-03 13:14:41,1.434
2019-03-03 13:14:41,1.437
2019-03-03 13:14:42,1.47
2019-03-03 13:14:43,1.491
2019-03-03 13:14:44,1.5030000000000001
2019-03-03 13:14:45,1.506
2019-03-03 13:14:45,1.512
2019-03-03 13:14:46,1.5090000000000001
2019-03-03 13:14:47,1.5030000000000001
2019-03-03 13:14:48,1.5
2019-03-03 13:14:49,1.5210000000000001
2019-03-03 13:14:50,1.545
2019-03-03 13:14:51,1.545
2019-03-03 13:14:52,1.566
2019-03-03 13:14:53,1.581
2019-03-03 13:14:53,1.584
2019-03-03 13:14:54,1.599
2019-03-03 13:14:55,1.623
2019-03-03 13:14:56,1.6320000000000001
2019-03-03 13:14:57,1.647
2019-03-03 13:14:57,1.68
2019-03-03 13:15:05,1.596
2019-03-03 13:15:06,1.59
2019-03-03 13:15:07,1.581
2019-03-03 13:15:08,1.578
2019-03-03 13:15:09,1.71
2019-03-03 13:15:09,1.71
2019-03-03 13:15:10,1.71
2019-03-03 13:15:11,1.566
2019-03-03 13:15:12,1.557
2019-03-03 13:15:13,1.551
2019-03-03 13:15:13,1.5330000000000001
2019-03-03 13:15:13,1.749
2019-03-03 13:15:15,1.794
2019-03-03 13:15:19,1.494
2019-03-03 13:15:19,1.491
2019-03-03 13:15:20,1.491
2019-03-03 13:15:21,1.512
2019-03-03 13:15:21,1.518
2019-03-03 13:15:22,1.5210000000000001
2019-03-03 13:15:25,1.512
2019-03-03 13:15:55,10.545
2019-03-03 13:15:56,10.515
2019-03-03 13:15:57,0.918
2019-03-03 13:15:57,10.551
2019-03-03 13:15:59,0.921
2019-03-03 13:16:00,0.918
2019-03-03 13:16:00,10.569
2019-03-03 13:16:01,10.563
2019-03-03 13:16:01,10.599
2019-03-03 13:16:28,1.074
2019-03-03 13:17:05,1.59
2019-03-03 13:17:05,1.575
2019-03-03 13:17:06,1.56
2019-03-03 13:17:07,1.548
2019-03-03 13:17:08,1.542
2019-03-03 13:17:09,1.5330000000000001
2019-03-03 13:17:09,1.5210000000000001
2019-03-03 13:17:10,1.512
2019-03-03 13:17:13,11.367
2019-03-03 13:17:13,11.34
2019-03-03 13:17:15,11.367
2019-03-03 13:17:16,10.962
2019-03-03 13:17:18,11.439
2019-03-03 13:17:21,9.909
2019-03-03 13:17:23,11.523
2019-03-03 13:17:24,11.562
2019-03-03 13:17:26,11.604000000000001
2019-03-03 13:17:27,11.61
2019-03-03 13:17:28,11.637
2019-03-03 13:17:29,11.619
2019-03-03 13:18:15,12.141
2019-03-03 13:18:16,12.153
2019-03-03 13:18:17,12.261000000000001
2019-03-03 13:18:17,12.264000000000001
2019-03-03 13:18:18,12.276
2019-03-03 13:18:19,1.329
2019-03-03 13:18:20,1.335
2019-03-03 13:18:20,12.213000000000001
2019-03-03 13:18:21,1.356
2019-03-03 13:18:21,12.252
2019-03-03 13:18:21,12.306000000000001
2019-03-03 13:18:22,12.321
2019-03-03 13:18:23,12.294
2019-03-03 13:18:24,12.303
2019-03-03 13:18:30,2.121
2019-03-03 13:18:30,2.106
2019-03-03 13:18:31,2.091
2019-03-03 13:18:32,2.076
2019-03-03 13:18:33,2.07
2019-03-03 13:18:33,2.073
2019-03-03 13:18:34,2.073
2019-03-03 13:18:35,2.067
2019-03-03 13:18:36,2.058
2019-03-03 13:18:37,2.052
2019-03-03 13:18:37,2.043
2019-03-03 13:18:38,2.04
2019-03-03 13:18:39,2.0340000000000003
2019-03-03 13:18:40,2.016
2019-03-03 13:18:48,12.534
2019-03-03 13:18:51,12.486
2019-03-03 13:18:52,2.223
2019-03-03 13:18:54,2.205
2019-03-03 13:19:04,2.265
2019-03-03 13:19:05,2.253
2019-03-03 13:19:05,2.247
2019-03-03 13:19:06,2.25
2019-03-03 13:19:07,2.241
2019-03-03 13:19:07,2.496
2019-03-03 13:19:08,2.25
2019-03-03 13:19:08,2.487
2019-03-03 13:19:09,2.2560000000000002
2019-03-03 13:19:09,2.484
2019-03-03 13:19:09,2.262
2019-03-03 13:19:09,2.478
2019-03-03 13:19:10,2.265
2019-03-03 13:19:10,2.478
2019-03-03 13:19:11,2.262
2019-03-03 13:19:12,2.25
2019-03-03 13:19:13,2.241
2019-03-03 13:19:13,2.241
2019-03-03 13:19:21,2.196
2019-03-03 13:19:21,2.193
2019-03-03 13:19:22,2.19
2019-03-03 13:19:25,2.184
2019-03-03 13:19:25,2.169
2019-03-03 13:19:26,2.154
2019-03-03 13:19:51,9.579
2019-03-03 13:19:54,11.16
2019-03-03 13:20:27,2.475
2019-03-03 13:20:27,2.481
2019-03-03 13:20:28,2.484
2019-03-03 13:20:29,2.487
2019-03-03 13:20:29,2.49
2019-03-03 13:20:36,1.7910000000000001
2019-03-03 13:20:37,1.7790000000000001
2019-03-03 13:20:37,1.764
2019-03-03 13:20:38,1.749
2019-03-03 13:20:39,1.734
2019-03-03 13:20:40,1.728
2019-03-03 13:20:41,1.722
2019-03-03 13:20:41,1.722
2019-03-03 13:20:42,1.71
2019-03-03 13:20:43,1.704
2019-03-03 13:20:44,1.695
2019-03-03 13:20:45,1.689
2019-03-03 13:20:47,1.758
2019-03-03 13:20:48,1.7910000000000001
2019-03-03 13:20:51,2.217
2019-03-03 13:20:55,2.1750000000000003
2019-03-03 13:20:55,2.169
2019-03-03 13:20:56,2.157
2019-03-03 13:20:57,2.148
2019-03-03 13:21:26,2.313
2019-03-03 13:21:27,2.31
2019-03-03 13:21:28,2.307
2019-03-03 13:21:29,2.298
2019-03-03 13:21:29,2.289
2019-03-03 13:21:30,2.2920000000000003
2019-03-03 13:21:31,2.298
2019-03-03 13:21:32,2.295
2019-03-03 13:21:33,2.289
2019-03-03 13:21:33,2.274
2019-03-03 13:21:34,2.247
2019-03-03 13:21:35,2.238
2019-03-03 13:21:36,2.235
2019-03-03 13:21:37,2.232
2019-03-03 13:21:37,2.232
2019-03-03 13:21:38,2.229
2019-03-03 13:21:39,2.211
2019-03-03 13:21:40,2.196
2019-03-03 13:21:41,2.187
2019-03-03 13:21:41,2.184
2019-03-03 13:21:42,2.193
2019-03-03 13:21:43,2.199
2019-03-03 13:21:44,2.202
2019-03-03 13:21:47,2.103
2019-03-03 13:21:48,2.106
2019-03-03 13:21:49,2.109
2019-03-03 13:21:49,2.112
2019-03-03 13:21:50,2.106
2019-03-03 13:21:51,2.088
2019-03-03 13:21:52,2.067
2019-03-03 13:21:53,2.061
2019-03-03 13:21:53,2.0460000000000003
2019-03-03 13:21:54,2.037
2019-03-03 13:21:55,2.0340000000000003
2019-03-03 13:22:02,2.247
2019-03-03 13:22:05,2.214
2019-03-03 13:22:05,2.214
2019-03-03 13:22:06,2.211
2019-03-03 13:22:07,2.211
2019-03-03 13:22:08,2.184
2019-03-03 13:22:09,2.1750000000000003
2019-03-03 13:22:09,2.1630000000000003
2019-03-03 13:22:10,2.154
2019-03-03 13:22:11,2.157
2019-03-03 13:22:12,2.157
2019-03-03 13:22:13,2.157
2019-03-03 13:22:13,2.154
2019-03-03 13:22:14,2.148
2019-03-03 13:22:15,1.581
2019-03-03 13:22:15,2.133
2019-03-03 13:22:16,1.578
2019-03-03 13:22:16,2.1270000000000002
2019-03-03 13:22:17,1.587
2019-03-03 13:22:17,1.593
2019-03-03 13:22:19,2.07
2019-03-03 13:22:20,2.07
2019-03-03 13:22:21,2.07
2019-03-03 13:22:31,1.5150000000000001
2019-03-03 13:22:31,1.512
2019-03-03 13:22:32,1.512
2019-03-03 13:22:32,2.25
2019-03-03 13:22:33,1.5
2019-03-03 13:22:55,1.623
2019-03-03 13:22:56,1.6320000000000001
2019-03-03 13:22:57,1.647
2019-03-03 13:23:02,1.665
2019-03-03 13:23:20,1.749
2019-03-03 13:23:21,1.737
2019-03-03 13:23:21,1.728
2019-03-03 13:23:22,1.728
2019-03-03 13:23:23,1.722
2019-03-03 13:23:24,1.536
2019-03-03 13:23:25,1.5330000000000001
2019-03-03 13:23:25,1.524
2019-03-03 13:23:27,1.704
2019-03-03 13:23:28,1.71
2019-03-03 13:23:29,1.716
2019-03-03 13:23:29,1.719
2019-03-03 13:23:31,1.719
2019-03-03 13:23:31,1.716
2019-03-03 13:23:32,1.713
2019-03-03 13:23:33,1.698
2019-03-03 13:23:48,2.001
2019-03-03 13:23:49,2.007
2019-03-03 13:23:51,1.539
2019-03-03 13:23:52,1.56
2019-03-03 13:24:30,1.1340000000000001
2019-03-03 13:24:31,1.122
2019-03-03 13:24:32,1.116
2019-03-03 13:24:33,1.098
2019-03-03 13:24:33,1.083
2019-03-03 13:24:34,1.077
2019-03-03 13:24:40,1.584
2019-03-03 13:24:42,1.566
2019-03-03 13:24:43,1.56
2019-03-03 13:24:44,1.563
2019-03-03 13:24:45,1.566
2019-03-03 13:24:45,1.563
2019-03-03 13:24:47,1.248
2019-03-03 13:24:47,1.245
2019-03-03 13:24:48,1.239
2019-03-03 13:24:50,1.323
2019-03-03 13:24:51,1.281
2019-03-03 13:24:53,1.248
2019-03-03 13:24:53,1.236
2019-03-03 13:24:54,1.221
2019-03-03 13:25:06,0.771
2019-03-03 13:28:24,0.765
2019-03-03 13:28:25,0.705
2019-03-03 13:29:46,10.329
2019-03-03 13:31:53,0.678
2019-03-03 13:31:53,0.6900000000000001
2019-03-03 13:31:54,0.6930000000000001
2019-03-03 13:33:04,0.81
2019-03-03 13:33:05,0.81
2019-03-03 13:33:05,0.807
2019-03-03 13:33:10,0.675
2019-03-03 13:33:10,0.675
2019-03-03 13:33:15,10.197000000000001
2019-03-03 13:33:15,10.137
2019-03-03 13:34:08,0.8280000000000001
2019-03-03 13:34:17,0.732
2019-03-03 13:34:17,0.735
2019-03-03 13:34:18,0.738
2019-03-03 13:34:19,0.735
2019-03-03 13:34:20,0.744
2019-03-03 13:34:21,0.744
2019-03-03 13:34:23,0.756
2019-03-03 13:34:23,0.75
2019-03-03 13:34:24,0.75
2019-03-03 13:34:25,0.747
2019-03-03 13:34:35,9.027000000000001
2019-03-03 13:35:14,1.539
2019-03-03 13:35:15,1.551
2019-03-03 13:39:36,8.964
2019-03-03 13:40:23,8.316
2019-03-03 13:40:23,8.295
2019-03-03 13:40:24,8.235
2019-03-03 13:40:25,8.199
2019-03-03 13:41:26,9.783
2019-03-03 13:41:26,9.795
2019-03-03 13:41:29,9.843
2019-03-03 13:41:32,9.807
2019-03-03 13:41:33,9.864
2019-03-03 13:41:33,9.912
2019-03-03 13:41:34,9.909
2019-03-03 13:41:40,9.945
2019-03-03 13:42:33,8.904
2019-03-03 13:43:13,9.321
2019-03-03 13:43:13,9.279
2019-03-03 13:43:15,9.264
2019-03-03 13:43:21,9.504
2019-03-03 13:43:22,9.537
2019-03-03 13:43:24,9.522
2019-03-03 13:43:25,9.522
2019-03-03 13:43:25,9.519
2019-03-03 13:43:29,9.6
2019-03-03 13:43:38,9.612
2019-03-03 13:43:39,9.57
2019-03-03 13:43:40,9.546
2019-03-03 13:43:41,9.567
2019-03-03 13:43:50,3.5580000000000003
2019-03-03 13:43:50,3.5460000000000003
2019-03-03 13:43:51,3.525
2019-03-03 13:43:52,3.492
2019-03-03 13:44:09,9.588000000000001
2019-03-03 13:44:10,9.669
2019-03-03 13:44:11,9.657
2019-03-03 13:44:11,9.582
2019-03-03 13:44:12,9.579
2019-03-03 13:44:13,9.636000000000001
2019-03-03 13:44:13,9.684000000000001
2019-03-03 13:44:16,9.747
2019-03-03 13:44:17,9.693
2019-03-03 13:44:17,9.705
2019-03-03 13:44:25,9.876
2019-03-03 13:44:33,9.948
2019-03-03 13:44:33,9.972
2019-03-03 13:45:14,1.077
2019-03-03 13:45:14,1.077
2019-03-03 13:45:15,1.071
2019-03-03 13:45:16,1.068
2019-03-03 13:45:17,1.065
2019-03-03 13:45:17,1.065
2019-03-03 13:45:18,1.062
2019-03-03 13:45:48,1.8
2019-03-03 13:45:49,1.806
2019-03-03 13:45:49,1.806
2019-03-03 13:45:50,1.812
2019-03-03 13:46:08,0.744
2019-03-03 13:46:09,0.744
2019-03-03 13:46:09,0.741
2019-03-03 13:46:10,0.732
2019-03-03 13:46:11,0.738
2019-03-03 13:46:12,0.735
2019-03-03 13:46:13,0.744
2019-03-03 13:46:13,0.75
2019-03-03 13:46:16,1.365
2019-03-03 13:46:17,1.359
2019-03-03 13:46:17,0.639
2019-03-03 13:46:17,1.353
2019-03-03 13:46:18,0.642
2019-03-03 13:46:18,1.353
2019-03-03 13:46:19,0.639
2019-03-03 13:46:30,6.897
2019-03-03 13:46:31,6.8580000000000005
2019-03-03 13:46:46,1.008
2019-03-03 13:46:57,0.87
2019-03-03 13:46:57,0.861
2019-03-03 13:46:58,0.855
2019-03-03 13:46:59,0.846
2019-03-03 13:47:00,0.8310000000000001
2019-03-03 13:47:01,0.8190000000000001
2019-03-03 13:47:05,4.383
2019-03-03 13:47:05,4.365
2019-03-03 13:47:06,4.347
2019-03-03 13:47:07,4.347
2019-03-03 13:47:08,4.347
2019-03-03 13:47:09,4.344
2019-03-03 13:47:09,4.338
2019-03-03 13:47:10,4.341
2019-03-03 13:47:11,4.3500000000000005
2019-03-03 13:47:12,4.338
2019-03-03 13:47:21,1.056
2019-03-03 13:47:22,1.047
2019-03-03 13:47:23,1.032
2019-03-03 13:47:38,8.742
2019-03-03 13:47:39,8.784
2019-03-03 13:47:42,8.676
2019-03-03 13:47:44,8.613
2019-03-03 13:47:45,8.688
2019-03-03 13:47:46,8.691
2019-03-03 13:47:47,8.634
2019-03-03 13:47:48,8.565
2019-03-03 13:47:51,8.544
2019-03-03 13:47:51,8.538
2019-03-03 13:47:52,8.532
2019-03-03 13:47:53,8.559000000000001
2019-03-03 13:47:53,8.568
2019-03-03 13:47:59,8.142
2019-03-03 13:48:00,8.127
2019-03-03 13:48:01,8.1
2019-03-03 13:48:01,8.085
2019-03-03 13:48:02,8.085
2019-03-03 13:48:03,8.082
2019-03-03 13:48:04,8.076
2019-03-03 13:49:50,6.5280000000000005
2019-03-03 13:49:51,6.507000000000001
2019-03-03 13:49:52,6.51
2019-03-03 13:49:53,6.492
2019-03-03 13:49:53,6.453
2019-03-03 13:49:54,6.441
2019-03-03 13:49:55,6.474
2019-03-03 13:49:57,6.489
2019-03-03 14:02:50,1.35
2019-03-03 14:02:51,1.353
2019-03-03 14:02:52,1.356
2019-03-03 14:02:53,1.356
2019-03-03 14:04:21,8.643
2019-03-03 14:04:21,8.637
2019-03-03 14:04:22,8.643
2019-03-03 14:04:23,8.661
2019-03-03 14:04:24,8.67
2019-03-03 14:04:25,8.664
2019-03-03 14:04:25,8.658
2019-03-03 14:15:43,11.055
2019-03-03 14:18:16,6.447
2019-03-03 14:18:17,6.4350000000000005
2019-03-03 14:18:18,6.36
2019-03-03 14:18:19,6.369
2019-03-03 14:18:20,6.396
2019-03-03 14:18:21,6.396
2019-03-03 14:21:40,10.401
2019-03-03 14:23:09,1.191
2019-03-03 14:23:09,1.185
2019-03-03 14:23:10,1.185
2019-03-03 14:23:11,1.179
2019-03-03 14:23:24,1.149
2019-03-03 14:23:25,1.137
2019-03-03 14:23:28,0.714
2019-03-03 14:23:34,0.8130000000000001
2019-03-03 14:23:35,0.8130000000000001
2019-03-03 14:23:36,0.846
2019-03-03 14:23:37,0.861
2019-03-03 14:23:37,0.864
2019-03-03 14:23:38,0.861
2019-03-03 14:23:41,0.882
2019-03-03 14:23:41,0.882
2019-03-03 14:23:42,0.873
2019-03-03 14:23:43,0.873
2019-03-03 14:23:44,0.864
2019-03-03 14:23:45,0.855
2019-03-03 14:23:45,0.843
2019-03-03 14:23:50,0.795
2019-03-03 14:23:50,0.792
2019-03-03 14:23:51,0.795
2019-03-03 14:23:52,0.789
2019-03-03 14:39:43,9.843
2019-03-03 14:43:27,5.646
2019-03-03 14:45:27,9.336
2019-03-03 14:45:29,9.315
2019-03-03 14:45:29,9.33
2019-03-03 14:48:12,9.786
2019-03-03 14:48:18,9.741
2019-03-03 14:49:04,12.489
2019-03-03 14:49:08,12.615
2019-03-03 14:49:32,10.17
2019-03-03 14:49:35,10.263
2019-03-03 14:49:38,10.245000000000001
2019-03-03 14:49:38,10.245000000000001
2019-03-03 14:49:46,6.198
2019-03-03 14:49:46,10.269
2019-03-03 14:49:46,6.186
2019-03-03 14:49:47,6.156
2019-03-03 14:49:48,6.132000000000001
2019-03-03 14:49:49,6.1080000000000005
2019-03-03 14:49:49,6.081
2019-03-03 14:49:50,6.0600000000000005
2019-03-03 14:49:51,6.057
2019-03-03 14:49:52,6.057
2019-03-03 14:49:53,6.039
2019-03-03 14:51:26,1.059
2019-03-03 14:51:39,10.233
2019-03-03 14:51:40,8.412
2019-03-03 14:51:41,8.391
2019-03-03 14:52:18,10.668000000000001
2019-03-03 14:52:29,1.02
2019-03-03 14:52:29,1.02
2019-03-03 14:52:30,1.0170000000000001
2019-03-03 14:52:31,1.0230000000000001
2019-03-03 14:52:34,1.0230000000000001
2019-03-03 14:52:35,1.014
2019-03-03 14:52:36,1.002
2019-03-03 14:53:08,1.044
2019-03-03 14:53:09,1.035
2019-03-03 14:53:41,1.035
2019-03-03 14:53:42,1.044
2019-03-03 14:53:43,1.032
2019-03-03 14:59:45,11.055
2019-03-03 14:59:46,11.205
2019-03-03 14:59:47,11.265
2019-03-03 14:59:49,11.061
2019-03-03 14:59:50,11.325000000000001
2019-03-03 14:59:51,11.4
2019-03-03 14:59:52,11.436
2019-03-03 14:59:53,11.502
2019-03-03 14:59:55,11.592
2019-03-03 14:59:57,11.583
2019-03-03 14:59:57,11.682
2019-03-03 15:00:55,11.394
2019-03-03 15:00:56,11.352
2019-03-03 15:00:57,11.289
2019-03-03 15:00:58,11.34
2019-03-03 15:00:59,11.409
2019-03-03 15:01:00,11.376
2019-03-03 15:01:01,11.328
2019-03-03 15:01:01,11.373000000000001
2019-03-03 15:01:02,11.442
2019-03-03 15:01:03,11.436
2019-03-03 15:01:04,11.412
2019-03-03 15:01:05,11.43
2019-03-03 15:01:05,11.409
2019-03-03 15:01:46,10.488
2019-03-03 15:01:47,10.44
2019-03-03 15:01:48,10.38
2019-03-03 15:01:49,10.374
2019-03-03 15:01:49,10.434000000000001
2019-03-03 15:01:50,10.503
2019-03-03 15:01:51,10.509
2019-03-03 15:01:52,10.476
2019-03-03 15:01:53,10.473
2019-03-03 15:01:53,10.464
2019-03-03 15:01:54,10.425
2019-03-03 15:01:56,10.389
2019-03-03 15:01:57,10.359
2019-03-03 15:01:57,10.389
2019-03-03 15:01:58,10.455
2019-03-03 15:01:59,10.464
2019-03-03 15:02:09,12.477
2019-03-03 15:02:09,12.519
2019-03-03 15:02:10,12.501
2019-03-03 15:02:11,12.465
2019-03-03 15:02:12,12.450000000000001
2019-03-03 15:02:14,12.339
2019-03-03 15:02:14,12.384
2019-03-03 15:14:40,12.216000000000001
2019-03-03 15:15:06,5.022
2019-03-03 15:15:07,5.007
2019-03-03 15:15:08,4.977
2019-03-03 15:15:09,4.9350000000000005
2019-03-03 15:15:09,4.9110000000000005
2019-03-03 15:15:10,4.914
2019-03-03 15:15:11,4.914
2019-03-03 15:15:12,4.896
2019-03-03 15:18:43,11.037
2019-03-03 15:20:27,6.609
2019-03-03 15:20:28,6.6000000000000005
2019-03-03 15:20:29,6.57
2019-03-03 15:20:29,6.525
2019-03-03 15:20:30,6.498
2019-03-03 15:20:31,6.471
2019-03-03 15:20:32,6.4350000000000005
2019-03-03 15:20:33,6.396
2019-03-03 15:22:09,0.615
2019-03-03 15:24:14,6.657
2019-03-03 15:25:26,1.065
2019-03-03 15:25:27,1.041
2019-03-03 15:25:28,1.029
2019-03-03 15:25:29,1.0110000000000001
2019-03-03 15:25:29,0.996
2019-03-03 15:25:30,0.96
2019-03-03 15:25:35,0.882
2019-03-03 15:25:39,0.921
2019-03-03 15:25:41,0.9420000000000001
2019-03-03 15:26:05,0.858
2019-03-03 15:26:06,0.867
2019-03-03 15:26:07,0.873
2019-03-03 15:26:08,0.873
2019-03-03 15:26:09,0.873
2019-03-03 15:26:09,0.867
2019-03-03 15:27:15,0.606
2019-03-03 15:33:47,8.097
2019-03-03 15:35:01,10.581
2019-03-03 15:41:33,10.944
2019-03-03 15:41:37,11.037
2019-03-03 15:41:37,11.058
2019-03-03 15:41:38,11.001
2019-03-03 15:41:39,10.938
2019-03-03 15:41:40,10.977
2019-03-03 15:41:41,11.01
2019-03-03 15:41:41,10.98
2019-03-03 15:41:42,10.947000000000001
2019-03-03 15:41:43,10.995000000000001
2019-03-03 15:41:46,11.046
2019-03-03 15:41:47,11.121
2019-03-03 15:41:48,11.103
2019-03-03 15:41:49,11.058
2019-03-03 15:41:49,11.073
2019-03-03 15:41:50,11.109
2019-03-03 15:41:51,11.127
2019-03-03 15:41:52,11.148
2019-03-03 15:43:31,12.099
2019-03-03 15:44:48,9.411
2019-03-03 15:44:49,9.426
2019-03-03 15:44:49,9.456
2019-03-03 15:45:27,10.752
2019-03-03 15:45:28,10.749
2019-03-03 15:45:29,10.674
2019-03-03 15:45:29,10.695
2019-03-03 15:45:30,10.788
2019-03-03 15:45:31,10.824
2019-03-03 15:45:32,10.803
2019-03-03 15:45:33,10.764
2019-03-03 15:45:33,10.752
2019-03-03 15:45:34,10.767
2019-03-03 15:45:35,10.773
2019-03-03 15:45:36,10.788
2019-03-03 15:45:37,10.818
2019-03-03 15:45:37,10.815
2019-03-03 15:45:38,10.809000000000001
2019-03-03 15:45:39,10.866
2019-03-03 15:45:40,10.905
2019-03-03 15:45:41,10.824
2019-03-03 15:45:41,10.764
2019-03-03 15:46:53,5.577
2019-03-03 15:46:54,5.541
2019-03-03 15:46:55,5.505
2019-03-03 15:46:56,5.472
2019-03-03 15:46:57,5.454
2019-03-03 15:46:57,5.439
2019-03-03 15:46:59,11.271
2019-03-03 15:47:00,11.283
2019-03-03 15:47:01,11.334
2019-03-03 15:48:51,0.657
2019-03-03 15:49:11,0.6960000000000001
2019-03-03 15:52:27,10.443
2019-03-03 15:53:47,11.352
2019-03-03 15:53:48,11.322000000000001
2019-03-03 15:53:49,11.295
2019-03-03 15:53:49,11.364
2019-03-03 15:53:50,11.436
2019-03-03 15:53:51,11.403
2019-03-03 15:53:52,11.373000000000001
2019-03-03 15:53:53,11.355
2019-03-03 15:53:53,11.352
2019-03-03 15:53:54,11.349
2019-03-03 15:53:55,11.361
2019-03-03 15:53:56,11.412
2019-03-03 15:53:57,11.424
2019-03-03 15:53:57,11.385
2019-03-03 15:53:58,11.388
2019-03-03 15:53:59,11.43
2019-03-03 15:54:00,11.424
2019-03-03 15:54:01,11.409
2019-03-03 15:54:22,0.891
2019-03-03 15:54:22,0.882
2019-03-03 15:54:26,0.783
2019-03-03 15:54:27,0.768
2019-03-03 15:54:28,0.756
2019-03-03 15:54:31,11.76
2019-03-03 15:54:31,11.814
2019-03-03 15:54:32,11.856
2019-03-03 15:54:33,12.165000000000001
2019-03-03 15:54:33,0.753
2019-03-03 15:54:33,11.757
2019-03-03 15:54:33,12.093
2019-03-03 15:54:34,11.769
2019-03-03 15:54:35,11.841000000000001
2019-03-03 15:54:36,11.88
2019-03-03 15:54:37,11.883000000000001
2019-03-03 15:54:37,11.826
2019-03-03 15:54:38,11.82
2019-03-03 15:54:39,11.889000000000001
2019-03-03 15:54:40,11.913
2019-03-03 15:54:41,11.886000000000001
2019-03-03 15:54:41,11.916
2019-03-03 15:55:24,0.579
2019-03-03 15:55:57,10.329
2019-03-03 15:56:56,10.989
2019-03-03 15:56:57,11.037
2019-03-03 15:56:57,11.067
2019-03-03 15:56:58,10.998000000000001
2019-03-03 15:56:59,10.938
2019-03-03 15:57:00,10.962
2019-03-03 15:57:01,11.016
2019-03-03 15:57:01,11.028
2019-03-03 15:57:02,11.01
2019-03-03 15:57:03,10.995000000000001
2019-03-03 15:57:04,11.016
2019-03-03 15:57:05,11.040000000000001
2019-03-03 15:57:05,11.007
2019-03-03 15:57:06,11.007
2019-03-03 15:57:07,11.043000000000001
2019-03-03 15:57:08,11.064
2019-03-03 15:57:09,11.055
2019-03-03 15:57:09,11.049
2019-03-03 15:57:11,11.1
2019-03-03 15:57:12,0.606
2019-03-03 15:57:13,0.615
2019-03-03 15:57:14,0.618
2019-03-03 15:57:14,0.612
2019-03-03 15:57:15,0.606
2019-03-03 15:57:16,0.6
2019-03-03 15:57:17,0.603
